ABB,'ABB'
AEGISLOG,'AEGISLOG'
AMARAJABAT,'AMARAJABAT'
AMBALALSA,'AMBALALSA'
HDFC,'HDFC'
ANDHRAPET,'ANDHRAPET'
ANSALAPI,'ANSALAPI'
APPLEFIN,'APPLEFIN'
ARUNAHTEL,'ARUNAHTEL'
BOMDYEING,'BOMDYEING'
ASIANHOTNR,'ASIANHOTNR'
ASSAMCO,'ASSAMCO'
ATUL,'ATUL'
ATVPR,'ATVPR'
AUTOLITIND,'AUTOLITIND'
BAJAJELEC,'BAJAJELEC'
BAJAJHIND,'BAJAJHIND'
FORCEMOT,'FORCEMOT'
BAJFINANCE,'BAJFINANCE'
BALRAMCHIN,'BALRAMCHIN'
BANCOINDIA,'BANCOINDIA'
CENTURYTEX,'CENTURYTEX'
BANARISUG,'BANARISUG'
BASF,'BASF'
BATAINDIA,'BATAINDIA'
BEML,'BEML'
BEL,'BEL'
BEPL,'BEPL'
TATASTLBSL,'TATASTLBSL'
BIHSPONG,'BIHSPONG'
BINANIIND,'BINANIIND'
BIRLACABLE,'BIRLACABLE'
BLUESTARCO,'BLUESTARCO'
DISAQ,'DISAQ'
BNKCAP,'BNKCAP'
BPL,'BPL'
OAL,'OAL'
CENTEXT,'CENTEXT'
CESC,'CESC'
CHAMBLFERT,'CHAMBLFERT'
EXIDEIND,'EXIDEIND'
CIPLA,'CIPLA'
DICIND,'DICIND'
CRISIL,'CRISIL'
CGPOWER,'CGPOWER'
DABUR,'DABUR'
DALMIASUG,'DALMIASUG'
ARVIND,'ARVIND'
BALLARPUR,'BALLARPUR'
BHEL,'BHEL'
HINDPETRO,'HINDPETRO'
IFCI,'IFCI'
MTNL,'MTNL'
MRPL,'MRPL'
CHENNPETRO,'CHENNPETRO'
RELCAPITAL,'RELCAPITAL'
SBIN,'SBIN'
SAIL,'SAIL'
TITAN,'TITAN'
IDBI,'IDBI'
DCW,'DCW'
DHAMPURSUG,'DHAMPURSUG'
DIAMINESQ,'DIAMINESQ'
ELANTAS,'ELANTAS'
DRREDDY,'DRREDDY'
EIDPARRY,'EIDPARRY'
MERCK,'MERCK'
ELECTCAST,'ELECTCAST'
EMPEESUG,'EMPEESUG'
ESABINDIA,'ESABINDIA'
ESSELPRO,'ESSELPRO'
ESTER,'ESTER'
FERROALL,'FERROALL'
FGP,'FGP'
PHCAP,'PHCAP'
FINCABLES,'FINCABLES'
CMIFPE,'CMIFPE'
UFLEX,'UFLEX'
FOSECOIND,'FOSECOIND'
GOLDENTOBC,'GOLDENTOBC'
GANESHBE,'GANESHBE'
GARDENSILK,'GARDENSILK'
METROGLOBL,'METROGLOBL'
GTL,'GTL'
GODFRYPHLP,'GODFRYPHLP'
GODREJIND,'GODREJIND'
KANSAINER,'KANSAINER'
GOODRICKE,'GOODRICKE'
GOODYEAR,'GOODYEAR'
GTNINDS,'GTNINDS'
GHCL,'GHCL'
GUJFLUORO,'GUJFLUORO'
GLFL,'GLFL'
HCL-INSYS,'HCL-INSYS'
HDFCBANK,'HDFCBANK'
HEROMOTOCO,'HEROMOTOCO'
HFCL,'HFCL'
HSCL,'HSCL'
HCC,'HCC'
HINDOILEXP,'HINDOILEXP'
HSIL,'HSIL'
HINDZINC,'HINDZINC'
HINDUJAVEN,'HINDUJAVEN'
HMT,'HMT'
PRAGBOS,'PRAGBOS'
HOTELEELA,'HOTELEELA'
IGPL,'IGPL'
INDIAGLYCO,'INDIAGLYCO'
MARGOFIN,'MARGOFIN'
INDORAMA,'INDORAMA'
INFY,'INFY'
INGERRAND,'INGERRAND'
INSILCO,'INSILCO'
IFSL,'IFSL'
ITHL,'ITHL'
IONEXCHANG,'IONEXCHANG'
ATFL,'ATFL'
JISLJALEQS,'JISLJALEQS'
JASCH,'JASCH'
JCTLTD,'JCTLTD'
JINDALPOLY,'JINDALPOLY'
JSWSTEEL,'JSWSTEEL'
UMANGDAIR,'UMANGDAIR'
KAJARIACER,'KAJARIACER'
KAKATCEM,'KAKATCEM'
KSL,'KSL'
WHIRLPOOL,'WHIRLPOOL'
KGDENIM,'KGDENIM'
KINETICENG,'KINETICENG'
KIRLOSBROS,'KIRLOSBROS'
KIRLOSIND,'KIRLOSIND'
KIRLFER,'KIRLFER'
ENVAIREL,'ENVAIREL'
KOTAKBANK,'KOTAKBANK'
MAVIIND,'MAVIIND'
KSB,'KSB'
LGBBROSLTD,'LGBBROSLTD'
TRENT,'TRENT'
LAXMIMACH,'LAXMIMACH'
LICHSGFIN,'LICHSGFIN'
UTTAMVALUE,'UTTAMVALUE'
LUPIN,'LUPIN'
LYKALABS,'LYKALABS'
RAMCOCEM,'RAMCOCEM'
MAFATIND,'MAFATIND'
MAHSEAMLES,'MAHSEAMLES'
MAHSCOOTER,'MAHSCOOTER'
MAJESAUT,'MAJESAUT'
MANALIPETC,'MANALIPETC'
MFSL,'MFSL'
MESPHAR-B,'MESPHAR-B'
MIDINDIA,'MIDINDIA'
MIRCELECTR,'MIRCELECTR'
CENTENKA,'CENTENKA'
LORDSCHLO,'LORDSCHLO'
SPICEJET,'SPICEJET'
MOREPENLAB,'MOREPENLAB'
MRF,'MRF'
HEIDELBERG,'HEIDELBERG'
NCC,'NCC'
VEDL,'VEDL'
NAHARSPING,'NAHARSPING'
NATPEROX,'NATPEROX'
GRASIM,'GRASIM'
PEL,'PEL'
NIITLTD,'NIITLTD'
JAYKAY,'JAYKAY'
NIRLON,'NIRLON'
ONGC,'ONGC'
OILCOUNTUB,'OILCOUNTUB'
ORIENTHOT,'ORIENTHOT'
ORIENTBANK,'ORIENTBANK'
OSWALAGRO,'OSWALAGRO'
INDSUCR,'INDSUCR'
PANCM,'PANCM'
RELIANCE,'RELIANCE'
PILITA,'PILITA'
PENTAGRAPH,'PENTAGRAPH'
RAYMOND,'RAYMOND'
PIDILITIND,'PIDILITIND'
PIXTRANS,'PIXTRANS'
BIRLACORPN,'BIRLACORPN'
SURYAROSNI,'SURYAROSNI'
PRIMESECU,'PRIMESECU'
PRSMJOHNSN,'PRSMJOHNSN'
RAIN,'RAIN'
AMJLAND,'AMJLAND'
PUNJCOMMU,'PUNJCOMMU'
RSWM,'RSWM'
RAJSREESUG,'RAJSREESUG'
RALLIS,'RALLIS'
RAMANEWS,'RAMANEWS'
RAMAPPR-B,'RAMAPPR-B'
RAMAPETRO,'RAMAPETRO'
RAPICUT,'RAPICUT'
RMGALLOY,'RMGALLOY'
ROLTA,'ROLTA'
RUBFILA,'RUBFILA'
RUCHISOYA,'RUCHISOYA'
SALORAINTL,'SALORAINTL'
SAMTELIN,'SAMTELIN'
JINDALSAW,'JINDALSAW'
JKLAKSHMI,'JKLAKSHMI'
SHREECEM,'SHREECEM'
SKPMIL,'SKPMIL'
RELINFRA,'RELINFRA'
SOLCT,'SOLCT'
STEELCO,'STEELCO'
TATAPOWER,'TATAPOWER'
SPMLINFRA,'SPMLINFRA'
SUNDRMFAST,'SUNDRMFAST'
SUNFLAG,'SUNFLAG'
SUPPETRO,'SUPPETRO'
SWARAJENG,'SWARAJENG'
TATAELXSI,'TATAELXSI'
ACC,'ACC'
THERMAX,'THERMAX'
TIRUMALCHM,'TIRUMALCHM'
THOMASCOOK,'THOMASCOOK'
TIMEX,'TIMEX'
TOKYOPLAST,'TOKYOPLAST'
TORNTPHARM,'TORNTPHARM'
TPINDIA,'TPINDIA'
TRANSCHEM,'TRANSCHEM'
AMBUJACEM,'AMBUJACEM'
UTLINDS,'UTLINDS'
UNIPHOS,'UNIPHOS'
VHL,'VHL'
HINDALCO,'HINDALCO'
WSTCSTPAPR,'WSTCSTPAPR'
HOCL,'HOCL'
MPILCORPL,'MPILCORPL'
PASUPTAC,'PASUPTAC'
PGHH,'PGHH'
MUKANDLTD,'MUKANDLTD'
AGCNET,'AGCNET'
UCALFUEL,'UCALFUEL'
HARRMALAYA,'HARRMALAYA'
FEDERALBNK,'FEDERALBNK'
TATASTEEL,'TATASTEEL'
SKFINDIA,'SKFINDIA'
ASHOKLEY,'ASHOKLEY'
CUMMINSIND,'CUMMINSIND'
TATACOMM,'TATACOMM'
ABBOTINDIA,'ABBOTINDIA'
BAJAJHLDNG,'BAJAJHLDNG'
BHARATFORG,'BHARATFORG'
ESCORTS,'ESCORTS'
HINDMOTORS,'HINDMOTORS'
LT,'LT'
M&amp;M,'M&amp;M'
BOSCHLTD,'BOSCHLTD'
PREMIER,'PREMIER'
BPCL,'BPCL'
SIEMENS,'SIEMENS'
TATAMOTORS,'TATAMOTORS'
VOLTAS,'VOLTAS'
GESHIP,'GESHIP'
DEEPAKFERT,'DEEPAKFERT'
EXCELINDUS,'EXCELINDUS'
GARWARPOLY,'GARWARPOLY'
GLAXO,'GLAXO'
GNFC,'GNFC'
NOVARTIND,'NOVARTIND'
SANOFI,'SANOFI'
GSKCONS,'GSKCONS'
PFIZER,'PFIZER'
GSFC,'GSFC'
HINDUNILVR,'HINDUNILVR'
AKZOINDIA,'AKZOINDIA'
NOCIL,'NOCIL'
TATACHEM,'TATACHEM'
TNPETRO,'TNPETRO'
ZUARIGLOB,'ZUARIGLOB'
NESTLEIND,'NESTLEIND'
TATAGLOBAL,'TATAGLOBAL'
ASIANPAINT,'ASIANPAINT'
BRITANNIA,'BRITANNIA'
COLPAL,'COLPAL'
EIHOTEL,'EIHOTEL'
INDHOTEL,'INDHOTEL'
CASTROLIND,'CASTROLIND'
ITC,'ITC'
APOLLOTYRE,'APOLLOTYRE'
CEATLTD,'CEATLTD'
MODIRUBBER,'MODIRUBBER'
FINOLEXIND,'FINOLEXIND'
SUNRINV,'SUNRINV'
PEOPLIN,'PEOPLIN'
DSINVEST,'DSINVEST'
CENTRUM,'CENTRUM'
OSCAR,'OSCAR'
TCIFINANCE,'TCIFINANCE'
KRATOSENER,'KRATOSENER'
ANTARIKSH,'ANTARIKSH'
IITL,'IITL'
INDPRUD,'INDPRUD'
TATAINVEST,'TATAINVEST'
GROMOTRADE,'GROMOTRADE'
MOTOGENFIN,'MOTOGENFIN'
RAPIDIN,'RAPIDIN'
WALCHPF,'WALCHPF'
ZSWASTSA,'ZSWASTSA'
WHBRADY,'WHBRADY'
TECHNVISN,'TECHNVISN'
SHAILY,'SHAILY'
BBTC,'BBTC'
BOMBCYC,'BOMBCYC'
GREAVESCOT,'GREAVESCOT'
MACK,'MACK'
MULLER,'MULLER'
ZNEWSAGA,'ZNEWSAGA'
ANANDPROJ,'ANANDPROJ'
INDIANVSH,'INDIANVSH'
CENTPROV,'CENTPROV'
COASTCORP,'COASTCORP'
CHOWGULSTM,'CHOWGULSTM'
GLOBOFFS,'GLOBOFFS'
DHENUBUILD,'DHENUBUILD'
ASIIL,'ASIIL'
SAGCEM,'SAGCEM'
DECCANCE,'DECCANCE'
MANGLMCEM,'MANGLMCEM'
NCLIND,'NCLIND'
SAURASHCEM,'SAURASHCEM'
SHREDIGCEM,'SHREDIGCEM'
BOMBPOT,'BOMBPOT'
BOROSIL,'BOROSIL'
LERTHAI,'LERTHAI'
RASSIREF,'RASSIREF'
TRIVENIGQ,'TRIVENIGQ'
NILACHAL,'NILACHAL'
IPAPPM,'IPAPPM'
BALKRISIND,'BALKRISIND'
NATHPULP,'NATHPULP'
ORIENTPPR,'ORIENTPPR'
CITADEL,'CITADEL'
ROLLT,'ROLLT'
SESHAPAPER,'SESHAPAPER'
SOLIDCO,'SOLIDCO'
SHBHAWPA,'SHBHAWPA'
RAMAPULP,'RAMAPULP'
VAPIPPR,'VAPIPPR'
SINTEX,'SINTEX'
BLUBLND-B,'BLUBLND-B'
DCM,'DCM'
FORBESCO,'FORBESCO'
HPCOTTON,'HPCOTTON'
UNITEDINT,'UNITEDINT'
JAMSHRI,'JAMSHRI'
KATRSPG,'KATRSPG'
KESORAMIND,'KESORAMIND'
LAKSHMIMIL,'LAKSHMIMIL'
VTL,'VTL'
MODERN,'MODERN'
PENINLAND,'PENINLAND'
PASUSPG,'PASUSPG'
PHOENIXLTD,'PHOENIXLTD'
MARATHON,'MARATHON'
RAJABAH,'RAJABAH'
RELCHEMQ,'RELCHEMQ'
RUBYMILLS,'RUBYMILLS'
SIMPLXREA,'SIMPLXREA'
SWANENERGY,'SWANENERGY'
VICTMILL,'VICTMILL'
ZSVTRADI,'ZSVTRADI'
ZSVARAJT,'ZSVARAJT'
KSHITIJ,'KSHITIJ'
SALSAIN,'SALSAIN'
DHANLEELA,'DHANLEELA'
INDSOYA,'INDSOYA'
ZODIACVEN,'ZODIACVEN'
VEERENRGY,'VEERENRGY'
SW1,'SW1'
TILAK,'TILAK'
UNIJOLL,'UNIJOLL'
WAGEND,'WAGEND'
ELCIDIN,'ELCIDIN'
HEALINV,'HEALINV'
SAHARA,'SAHARA'
SHRENTI,'SHRENTI'
BANSWRAS,'BANSWRAS'
MODWOOL,'MODWOOL'
MODIPON,'MODIPON'
SHRIDINE,'SHRIDINE'
SRF,'SRF'
SIYSIL,'SIYSIL'
SWADPOL,'SWADPOL'
FOMEHOT,'FOMEHOT'
SHRAJSYNQ,'SHRAJSYNQ'
SHRMFGC,'SHRMFGC'
HINDSYNTEX,'HINDSYNTEX'
ZSATYASL,'ZSATYASL'
BBL,'BBL'
ELPROINTL,'ELPROINTL'
EMCO,'EMCO'
GEE,'GEE'
HIRECT,'HIRECT'
NIPPOBATRY,'NIPPOBATRY'
ZENSARTECH,'ZENSARTECH'
JYOTI,'JYOTI'
JSLINDL,'JSLINDL'
KAYCEEI,'KAYCEEI'
INDOKEM,'INDOKEM'
PANAENERG,'PANAENERG'
NELCO,'NELCO'
PERMAGN,'PERMAGN'
HIGHENE,'HIGHENE'
STDBAT,'STDBAT'
UNIVCABLES,'UNIVCABLES'
WSIND,'WSIND'
DLTNCBL,'DLTNCBL'
DELTRON,'DELTRON'
LAKSELEC,'LAKSELEC'
KHAITANELE,'KHAITANELE'
MODULEX,'MODULEX'
DELTAMAGNT,'DELTAMAGNT'
PAZEL,'PAZEL'
CONFINT,'CONFINT'
RELTD,'RELTD'
GDTRAGN,'GDTRAGN'
EMPOWER,'EMPOWER'
ZMULTIPU,'ZMULTIPU'
REMISIN,'REMISIN'
RIDHISYN,'RIDHISYN'
ZARDIINV,'ZARDIINV'
SOFTBPO,'SOFTBPO'
NYSSACORP,'NYSSACORP'
ZVINADTR,'ZVINADTR'
AVTIL,'AVTIL'
KRISHNA,'KRISHNA'
GANHOLD,'GANHOLD'
SJCORP,'SJCORP'
UNIABEXAL,'UNIABEXAL'
SARDAEN,'SARDAEN'
BWLLTD,'BWLLTD'
BGWTATO,'BGWTATO'
BOMBWIR,'BOMBWIR'
CHASBRT,'CHASBRT'
UNIVPRIM,'UNIVPRIM'
GALADA,'GALADA'
HINDWRS,'HINDWRS'
IBRIGST,'IBRIGST'
INDIANHUME,'INDIANHUME'
INLCM,'INLCM'
INVPRECQ,'INVPRECQ'
INFORTEC,'INFORTEC'
KAIRA,'KAIRA'
ORIENTABRA,'ORIENTABRA'
NATIONSTD,'NATIONSTD'
DUNCANENG,'DUNCANENG'
SANDUMA,'SANDUMA'
STOVACQ,'STOVACQ'
TATAYODOGA,'TATAYODOGA'
TINPLATE,'TINPLATE'
TIFHL,'TIFHL'
ZWELCAST,'ZWELCAST'
WMINIMT,'WMINIMT'
AUTOAXLES,'AUTOAXLES'
ATLASCYCLE,'ATLASCYCLE'
ACGL,'ACGL'
SETCO,'SETCO'
SCOOTER,'SCOOTER'
TALBROAUTO,'TALBROAUTO'
ZFSTEERING,'ZFSTEERING'
SMLISUZU,'SMLISUZU'
TIL,'TIL'
EICHERMOT,'EICHERMOT'
JAINEX,'JAINEX'
ALFREDHE,'ALFREDHE'
CIMMCO,'CIMMCO'
VELJAN,'VELJAN'
DYNAMATECH,'DYNAMATECH'
GGDANDE,'GGDANDE'
GMM,'GMM'
KIRLPNU,'KIRLPNU'
TULIVE,'TULIVE'
KULKPOWT,'KULKPOWT'
LXMIATO,'LXMIATO'
LYNMC,'LYNMC'
MANUGRAPH,'MANUGRAPH'
MIRCH,'MIRCH'
MONOT,'MONOT'
NESCO,'NESCO'
INTEGRAEN,'INTEGRAEN'
REVATHI,'REVATHI'
TEXINFRA,'TEXINFRA'
WENDT,'WENDT'
PSITINFRA,'PSITINFRA'
SINDUVA,'SINDUVA'
AXONVL,'AXONVL'
RESPONIND,'RESPONIND'
SHYMINV,'SHYMINV'
ZHEMHOLD,'ZHEMHOLD'
MAHACORP,'MAHACORP'
DOLAT,'DOLAT'
WESTLIFE,'WESTLIFE'
ZEEL,'ZEEL'
IMCFINA,'IMCFINA'
GOLDCORP,'GOLDCORP'
WWTECHHOL,'WWTECHHOL'
ZKOVALIN,'ZKOVALIN'
SVPGLOB,'SVPGLOB'
MULTIIN,'MULTIIN'
SKYLMILAR,'SKYLMILAR'
REMIPRO,'REMIPRO'
BIMETAL,'BIMETAL'
TAPARIA,'TAPARIA'
BHARATGEAR,'BHARATGEAR'
BRADYM,'BRADYM'
LATIMMETAL,'LATIMMETAL'
ELECON,'ELECON'
DECANBRG,'DECANBRG'
GRAUWEIL,'GRAUWEIL'
GAJRA,'GAJRA'
HIMTEK,'HIMTEK'
GABRIEL,'GABRIEL'
HERCULES,'HERCULES'
IFBIND,'IFBIND'
SINGER,'SINGER'
INTLCOMBQ,'INTLCOMBQ'
FMGOETZE,'FMGOETZE'
JOSTS,'JOSTS'
SCHAEFFLER,'SCHAEFFLER'
MPCOSEMB,'MPCOSEMB'
RANEHOLDIN,'RANEHOLDIN'
ROLCOEN,'ROLCOEN'
REILELEC,'REILELEC'
SNL,'SNL'
JAIPAN,'JAIPAN'
MANCREDIT,'MANCREDIT'
TRF,'TRF'
WPIL,'WPIL'
KENNAMET,'KENNAMET'
HINDHARD,'HINDHARD'
TRITONV,'TRITONV'
SUDAI,'SUDAI'
PRAKASH,'PRAKASH'
HARME,'HARME'
BHRKALM,'BHRKALM'
ARSHIYA,'ARSHIYA'
GRINDWELL,'GRINDWELL'
LAKPRE,'LAKPRE'
ANUPMAL,'ANUPMAL'
STANROS,'STANROS'
PRECTRA,'PRECTRA'
GENESYS,'GENESYS'
ALNATRD,'ALNATRD'
PANKAJPIYUS,'PANKAJPIYUS'
PARNAXLAB,'PARNAXLAB'
INTELLCAP,'INTELLCAP'
VYAPAR,'VYAPAR'
VIVIDHA,'VIVIDHA'
ASISL,'ASISL'
ISHWATR,'ISHWATR'
TERRAFORM,'TERRAFORM'
APIS,'APIS'
ZKHATAUE,'ZKHATAUE'
SRIOMTR,'SRIOMTR'
KANANIIND,'KANANIIND'
GLXYENT,'GLXYENT'
ZSARVAMA,'ZSARVAMA'
ASL,'ASL'
VIKSHEN,'VIKSHEN'
BLISSGVS,'BLISSGVS'
INEOSSTYRO,'INEOSSTYRO'
ALEMBICLTD,'ALEMBICLTD'
AMNPLST,'AMNPLST'
ANUHPHR,'ANUHPHR'
MODISNME,'MODISNME'
BAYERCROP,'BAYERCROP'
SASHWAT,'SASHWAT'
CHEMOPH,'CHEMOPH'
CLNINDIA,'CLNINDIA'
COROMANDEL,'COROMANDEL'
DEEPAKNI,'DEEPAKNI'
DHARAMSI,'DHARAMSI'
DIL,'DIL'
GOCLCORP,'GOCLCORP'
JAYCH,'JAYCH'
JLMORI,'JLMORI'
KANORICHEM,'KANORICHEM'
KELENRG,'KELENRG'
KEMP,'KEMP'
NITTAGELA,'NITTAGELA'
MPAGI,'MPAGI'
ORIENTCQ*,'ORIENTCQ*'
PHILIPCARB,'PHILIPCARB'
AMAL,'AMAL'
POLYCHEM,'POLYCHEM'
PUNJABCHEM,'PUNJABCHEM'
GUJCMDS,'GUJCMDS'
SADHNANIQ,'SADHNANIQ'
SUDARSCHEM,'SUDARSCHEM'
ULTRAMAR,'ULTRAMAR'
TRANSPEK,'TRANSPEK'
UNICHEMLAB,'UNICHEMLAB'
MYSORPETRO,'MYSORPETRO'
ALKYLAMINE,'ALKYLAMINE'
TUTIALKA,'TUTIALKA'
ASTRAZEN,'ASTRAZEN'
PACL,'PACL'
TANFACIND,'TANFACIND'
GUJPETR,'GUJPETR'
SWADEIN,'SWADEIN'
MASCH,'MASCH'
GUJTHEM,'GUJTHEM'
SCBL,'SCBL'
JAYSYN,'JAYSYN'
MAKERSL,'MAKERSL'
CONTCHM,'CONTCHM'
JBCHEPHARM,'JBCHEPHARM'
IGLFXPL-B,'IGLFXPL-B'
ADVPETR-B,'ADVPETR-B'
BLUECHIPT,'BLUECHIPT'
JAGAJITIND,'JAGAJITIND'
KESARENT,'KESARENT'
TI,'TI'
EMERALL,'EMERALL'
RAVALSUGAR,'RAVALSUGAR'
SAKHTISUG,'SAKHTISUG'
WALCHANNAG,'WALCHANNAG'
KHODAY,'KHODAY'
IFBAGRO,'IFBAGRO'
DHARSUGAR,'DHARSUGAR'
THIRUSUGAR,'THIRUSUGAR'
KFBL,'KFBL'
CAPRO,'CAPRO'
GMBREW,'GMBREW'
RANASUG,'RANASUG'
PICCASUG,'PICCASUG'
GIRDSGA,'GIRDSGA'
RIGASUG,'RIGASUG'
SDBL,'SDBL'
CJGEL,'CJGEL'
MOUNTSHIQ,'MOUNTSHIQ'
AMRITCORP,'AMRITCORP'
ASALCBR,'ASALCBR'
CORAGRO,'CORAGRO'
FOODSIN,'FOODSIN'
IVP,'IVP'
KLRFM,'KLRFM'
OLYOI,'OLYOI'
MLKFOOD,'MLKFOOD'
POLSON,'POLSON'
RASOI,'RASOI'
SAGRSOY-B,'SAGRSOY-B'
WIPRO,'WIPRO'
ORIBEVER,'ORIBEVER'
DHANUKA,'DHANUKA'
TTKHEALTH,'TTKHEALTH'
TGVSL,'TGVSL'
LIMECHM,'LIMECHM'
KANPRPLA,'KANPRPLA'
TAINWALCHM,'TAINWALCHM'
JAGSNPHARM,'JAGSNPHARM'
KHAICHEM,'KHAICHEM'
UNTTEMI,'UNTTEMI'
NOL,'NOL'
GILLETTE,'GILLETTE'
WIREFABR,'WIREFABR'
ANSALHSG,'ANSALHSG'
COMPUPN,'COMPUPN'
MCCHRLS-B,'MCCHRLS-B'
ADDIND,'ADDIND'
PIONRINV,'PIONRINV'
ASHNOOR,'ASHNOOR'
UNITECH,'UNITECH'
VIPIND,'VIPIND'
DHRUVES,'DHRUVES'
SCHABLON,'SCHABLON'
FIBERWEB,'FIBERWEB'
LKPFIN,'LKPFIN'
EASTBUILD,'EASTBUILD'
MNPLFIN,'MNPLFIN'
BAJAJST,'BAJAJST'
KIDUJA,'KIDUJA'
KEYCORP,'KEYCORP'
SHIKHARLETR,'SHIKHARLETR'
GUJHOTE,'GUJHOTE'
RAJATH,'RAJATH'
RASRESOR,'RASRESOR'
PARMCOS-B,'PARMCOS-B'
JINDHOT,'JINDHOT'
JPTRLES,'JPTRLES'
SIMMOND,'SIMMOND'
BNALTD,'BNALTD'
LEDOTEA,'LEDOTEA'
HAWKINCOOK,'HAWKINCOOK'
WARRENTEA,'WARRENTEA'
BESTEAST,'BESTEAST'
NEAGI,'NEAGI'
ISTLTD,'ISTLTD'
COSMOFILMS,'COSMOFILMS'
DIAMANT,'DIAMANT'
NEWMKTADV,'NEWMKTADV'
APOLLOHOSP,'APOLLOHOSP'
NITINCAST,'NITINCAST'
ZENCAP,'ZENCAP'
SMIFS,'SMIFS'
EVERESTIND,'EVERESTIND'
GREYCELLS,'GREYCELLS'
MSRINDIA,'MSRINDIA'
JOYREALTY,'JOYREALTY'
AYMSYNTEX,'AYMSYNTEX'
PANCARBON,'PANCARBON'
FINKURVE,'FINKURVE'
HBLEAS,'HBLEAS'
SHRICON,'SHRICON'
SULABEN,'SULABEN'
FRONTCAP,'FRONTCAP'
NAVNETEDUL,'NAVNETEDUL'
KEDIACN,'KEDIACN'
SATRAPROP,'SATRAPROP'
TRANOCE,'TRANOCE'
AUSOMENT,'AUSOMENT'
THAKRAL,'THAKRAL'
RUCHINFRA,'RUCHINFRA'
VJTFEDU,'VJTFEDU'
VOLLF,'VOLLF'
NETLINK,'NETLINK'
ZLEENCON,'ZLEENCON'
LANCORHOL,'LANCORHOL'
INDINFO,'INDINFO'
BANASFN,'BANASFN'
VISAKAIND,'VISAKAIND'
HATHWAYB,'HATHWAYB'
PRESSMN,'PRESSMN'
GUFICBIO,'GUFICBIO'
PHOTON,'PHOTON'
OSWALEA,'OSWALEA'
GOVINDRU,'GOVINDRU'
GRPLTD,'GRPLTD'
INDAG,'INDAG'
MMRUBBR-B,'MMRUBBR-B'
PTL,'PTL'
TVSSRICHAK,'TVSSRICHAK'
SEL,'SEL'
BENARAS,'BENARAS'
BHAGWOX,'BHAGWOX'
BOMOXY-B1,'BOMOXY-B1'
CRAVATEX,'CRAVATEX'
BERGEPAINT,'BERGEPAINT'
CAPRIHANS,'CAPRIHANS'
GRAPHITE,'GRAPHITE'
ITDCEM,'ITDCEM'
EMPIND,'EMPIND'
GRAVISSHO,'GRAVISSHO'
GARFIBRES,'GARFIBRES'
GARWAMAR,'GARWAMAR'
GOACARBON,'GOACARBON'
HARDCAS,'HARDCAS'
HEG,'HEG'
HINDCOMPOS,'HINDCOMPOS'
ZHINDHSG,'ZHINDHSG'
HIL,'HIL'
INDIANCARD,'INDIANCARD'
INTLCONV,'INTLCONV'
JAYSHREETEA,'JAYSHREETEA'
MODRNSH,'MODRNSH'
OSEASPR,'OSEASPR'
PAPERPROD,'PAPERPROD'
PREMSYN,'PREMSYN'
RJSHAH,'RJSHAH'
SHAHCON,'SHAHCON'
SHALPAINTS,'SHALPAINTS'
SINNAR,'SINNAR'
HINDMILL,'HINDMILL'
ZSOUTGAS,'ZSOUTGAS'
TECHCON,'TECHCON'
SUPREMEIND,'SUPREMEIND'
THACKER,'THACKER'
TRADWIN,'TRADWIN'
VSTIND,'VSTIND'
SWASTIVI,'SWASTIVI'
MADHUSE,'MADHUSE'
YAMNINV,'YAMNINV'
ZSUBWAYF,'ZSUBWAYF'
JINDRILL,'JINDRILL'
KUSUMEL,'KUSUMEL'
JUMBFNL,'JUMBFNL'
APLAYA,'APLAYA'
SAKTHIFIN,'SAKTHIFIN'
DHFL,'DHFL'
WEIZFIN,'WEIZFIN'
SATINDLTD,'SATINDLTD'
JMDVL,'JMDVL'
TVOLCON,'TVOLCON'
SHIVTEX,'SHIVTEX'
VBDESAI,'VBDESAI'
QUADRANT,'QUADRANT'
1STCUS,'1STCUS'
KAMANWALA,'KAMANWALA'
KOTHARIFIN,'KOTHARIFIN'
BAJRFIN,'BAJRFIN'
ASYAINFO,'ASYAINFO'
WSFIN,'WSFIN'
REMITR,'REMITR'
ANJANIFOODS,'ANJANIFOODS'
HIMALFD,'HIMALFD'
PARSHWANA,'PARSHWANA'
SURYAKR,'SURYAKR'
MILLENNIUM,'MILLENNIUM'
CANFINHOME,'CANFINHOME'
MUNCAPM,'MUNCAPM'
IVC,'IVC'
SRTRANSFIN,'SRTRANSFIN'
CHOLAFIN,'CHOLAFIN'
SAGARSYST,'SAGARSYST'
MEFCOM,'MEFCOM'
GRUH,'GRUH'
VLSFINANCE,'VLSFINANCE'
INDCEMCAP,'INDCEMCAP'
ADMANUM,'ADMANUM'
MEGLON,'MEGLON'
MEHIF,'MEHIF'
VIDEOIND,'VIDEOIND'
INTRGLB,'INTRGLB'
SHRISTI,'SHRISTI'
CREST,'CREST'
VAKRANGEE,'VAKRANGEE'
GUJCRED,'GUJCRED'
SYLPH,'SYLPH'
DHARFIN,'DHARFIN'
ALEXANDER,'ALEXANDER'
INDBANK,'INDBANK'
BHARAT,'BHARAT'
CAPITALT,'CAPITALT'
USHAKIRA,'USHAKIRA'
VIVOBIOT,'VIVOBIOT'
VEERHEALTH,'VEERHEALTH'
PANINDIAC,'PANINDIAC'
SAHARAHOUS,'SAHARAHOUS'
NDASEC,'NDASEC'
SUPRATRE,'SUPRATRE'
GSBFIN,'GSBFIN'
MORARKFI,'MORARKFI'
MONARCH,'MONARCH'
PROFINC,'PROFINC'
TIMESGTY,'TIMESGTY'
SODFC,'SODFC'
SAVFI,'SAVFI'
REGTRUS,'REGTRUS'
AVONMORE,'AVONMORE'
LIBORDFIN,'LIBORDFIN'
PALSOFT,'PALSOFT'
YASHMGM,'YASHMGM'
ARIHCAPM,'ARIHCAPM'
ISLCONSUL,'ISLCONSUL'
DCMFINSERV,'DCMFINSERV'
JIKIND,'JIKIND'
RRFIN,'RRFIN'
IMCAP,'IMCAP'
SAMBHAAV,'SAMBHAAV'
DUGARHOU,'DUGARHOU'
SANGHCO,'SANGHCO'
WISEC,'WISEC'
SUGALDAM,'SUGALDAM'
NETTLINX,'NETTLINX'
BGIL,'BGIL'
SCANSTL,'SCANSTL'
GICHSGFIN,'GICHSGFIN'
MATHEWE,'MATHEWE'
WARNER,'WARNER'
AJCON,'AJCON'
CHRTEDCA,'CHRTEDCA'
STANCAP,'STANCAP'
PARSHINV,'PARSHINV'
ACTIONFI,'ACTIONFI'
CUBIFIN,'CUBIFIN'
RELICTEC,'RELICTEC'
NIMBSPROJ,'NIMBSPROJ'
ESCORTSFIN,'ESCORTSFIN'
BALFC,'BALFC'
VIPUL,'VIPUL'
KZLFIN,'KZLFIN'
TRCFIN,'TRCFIN'
PASUFIN,'PASUFIN'
USHDI,'USHDI'
MEHSECU,'MEHSECU'
MEHTAHG,'MEHTAHG'
UGROCAP,'UGROCAP'
SAHLIBHFI,'SAHLIBHFI'
ABIRAFN,'ABIRAFN'
MANSIFIN,'MANSIFIN'
SEVENHILL,'SEVENHILL'
UPASAFN,'UPASAFN'
MUTHTFN,'MUTHTFN'
MASTERTR,'MASTERTR'
ZNILKENG,'ZNILKENG'
AMANITRA,'AMANITRA'
TEATIME,'TEATIME'
SOBME,'SOBME'
CNIRESLTD,'CNIRESLTD'
ZSARACOM,'ZSARACOM'
WINROC,'WINROC'
NDMETAL,'NDMETAL'
INERTIAST,'INERTIAST'
PHTRADING,'PHTRADING'
KAPILCO,'KAPILCO'
ASWTR,'ASWTR'
ROYALIND,'ROYALIND'
LUHARUKA,'LUHARUKA'
ZSANMCOM,'ZSANMCOM'
AYOME,'AYOME'
MRUTR,'MRUTR'
DECNGOLD,'DECNGOLD'
UPL,'UPL'
ANSHNCO,'ANSHNCO'
CRANESSOFT,'CRANESSOFT'
PUNITCO,'PUNITCO'
TRIPR,'TRIPR'
PROAIMENT,'PROAIMENT'
AVIVA,'AVIVA'
TWIROST,'TWIROST'
SIGNETIND,'SIGNETIND'
AVANCE,'AVANCE'
SPECMKT,'SPECMKT'
TERRAREAL,'TERRAREAL'
8KMILES,'8KMILES'
ABANSENT,'ABANSENT'
CAPRICORN,'CAPRICORN'
VAMA,'VAMA'
SUNTECK,'SUNTECK'
BENTCOM,'BENTCOM'
SILVERO,'SILVERO'
CLASELE,'CLASELE'
VORACON,'VORACON'
PRISMMEDI,'PRISMMEDI'
VERITAS,'VERITAS'
JAYTEX,'JAYTEX'
JAICORPLTD,'JAICORPLTD'
ZNIVITRD,'ZNIVITRD'
ASHCAP,'ASHCAP'
SVARTCORP,'SVARTCORP'
BAJGLOB,'BAJGLOB'
MMWL,'MMWL'
TASHIND,'TASHIND'
AUTOINT,'AUTOINT'
NNTL,'NNTL'
SHIRPUR-G,'SHIRPUR-G'
ZSPEEDCO,'ZSPEEDCO'
BHAGYNAGAR,'BHAGYNAGAR'
SHANTAI,'SHANTAI'
CHMBBRW,'CHMBBRW'
ZMANSOON,'ZMANSOON'
TYPHOON,'TYPHOON'
KRL,'KRL'
MAHSHRE,'MAHSHRE'
CESL,'CESL'
SWORDEDGE,'SWORDEDGE'
ZSHERAPR,'ZSHERAPR'
MAGANTR,'MAGANTR'
CRESSAN,'CRESSAN'
STARTECK,'STARTECK'
SHARDUL,'SHARDUL'
KAPASHI,'KAPASHI'
BENGALS,'BENGALS'
IPOWER,'IPOWER'
UNIWSEC,'UNIWSEC'
RAJSAN,'RAJSAN'
MERCTRD,'MERCTRD'
NIRAVCOM,'NIRAVCOM'
ASUTENT,'ASUTENT'
APOLLOFI,'APOLLOFI'
ENBETRD,'ENBETRD'
GANONPRO,'GANONPRO'
DEVITRD,'DEVITRD'
SVCRES,'SVCRES'
SHRJAGP,'SHRJAGP'
LLOYDSME,'LLOYDSME'
PUNCTRD,'PUNCTRD'
SHRGLTR,'SHRGLTR'
BETXIND,'BETXIND'
POLYTEX,'POLYTEX'
DHANCOT,'DHANCOT'
REMIELEK,'REMIELEK'
OASISEC,'OASISEC'
GARNETINT,'GARNETINT'
SHALPRO,'SHALPRO'
MEENST,'MEENST'
VARUNME,'VARUNME'
DONEAR,'DONEAR'
NEPTEXP,'NEPTEXP'
SUPER,'SUPER'
SEQUENT,'SEQUENT'
STCINDIA,'STCINDIA'
ZENITHEXPO,'ZENITHEXPO'
KOHINOOR,'KOHINOOR'
RTEXPO,'RTEXPO'
AVANTI,'AVANTI'
ZODJRDMKJ,'ZODJRDMKJ'
SITAENT,'SITAENT'
PULSRIN,'PULSRIN'
UNIMOVR,'UNIMOVR'
KEYCORPSER,'KEYCORPSER'
ADANIENT,'ADANIENT'
MACINTR,'MACINTR'
HARIAEXPO,'HARIAEXPO'
BHANDHOS,'BHANDHOS'
RLF,'RLF'
REGENTRP,'REGENTRP'
ORBTEXP,'ORBTEXP'
SAVERA,'SAVERA'
VBCFERROQ,'VBCFERROQ'
TATASPONGE,'TATASPONGE'
NBVENTURES,'NBVENTURES'
ZHINUDYP,'ZHINUDYP'
REMIEDEL,'REMIEDEL'
GSAUTO,'GSAUTO'
TRANSFRE,'TRANSFRE'
SHBCLQ,'SHBCLQ'
GANDHITUBE,'GANDHITUBE'
AMFORG,'AMFORG'
ABCGAS,'ABCGAS'
ORICON,'ORICON'
BALASORE,'BALASORE'
ACROW,'ACROW'
STINDIA,'STINDIA'
STLSTRINF,'STLSTRINF'
NATNLSTEEL,'NATNLSTEEL'
UTTAMSTL,'UTTAMSTL'
PENIND,'PENIND'
JYOTISTRUC,'JYOTISTRUC'
JAYUSH,'JAYUSH'
SSWL,'SSWL'
MANINDS,'MANINDS'
PREMPIPES,'PREMPIPES'
IMEC,'IMEC'
MDRNSTL,'MDRNSTL'
MORYOIND,'MORYOIND'
SYNTHFO,'SYNTHFO'
GOLKONDA,'GOLKONDA'
METALFORGE,'METALFORGE'
GUJTLRM,'GUJTLRM'
AJMERA,'AJMERA'
COCHINM,'COCHINM'
PARINFRA,'PARINFRA'
ISWL,'ISWL'
RJKMRFR,'RJKMRFR'
CARBORUNIV,'CARBORUNIV'
MMTC,'MMTC'
VALLABHSQ,'VALLABHSQ'
ASHIS,'ASHIS'
PMTELELIN,'PMTELELIN'
SMPL,'SMPL'
MAITRI,'MAITRI'
TATAMETALI,'TATAMETALI'
SHAHALLOYS,'SHAHALLOYS'
MONNETISPA,'MONNETISPA'
ELANGO,'ELANGO'
KANSHST,'KANSHST'
MAHALXSE,'MAHALXSE'
SIMPLEXCAS,'SIMPLEXCAS'
SSWRL,'SSWRL'
MEWATZI,'MEWATZI'
SOUTHMG,'SOUTHMG'
BAROEXT,'BAROEXT'
GUJCONT,'GUJCONT'
KALYANIFRG,'KALYANIFRG'
PANCHMAHQ,'PANCHMAHQ'
ADITYA,'ADITYA'
SRIND,'SRIND'
STEELCAS,'STEELCAS'
PITTIENG,'PITTIENG'
GLITTEKG,'GLITTEKG'
PRADPME,'PRADPME'
VARDHINDQ,'VARDHINDQ'
GNRL,'GNRL'
TNSTLTU,'TNSTLTU'
MSCTC,'MSCTC'
SHRDAIS,'SHRDAIS'
MAHASTEEL,'MAHASTEEL'
REALSTR,'REALSTR'
NOVIS,'NOVIS'
FFPL,'FFPL'
HINDCOPPER,'HINDCOPPER'
SRIPIPES,'SRIPIPES'
AXELPOLY,'AXELPOLY'
NLCINDIA,'NLCINDIA'
SPECTRA,'SPECTRA'
JMTAUTOLTD,'JMTAUTOLTD'
KAJARIR,'KAJARIR'
SOLIDSTON,'SOLIDSTON'
KUMARWI,'KUMARWI'
SHILGRAVQ,'SHILGRAVQ'
WHITEORG,'WHITEORG'
MFSINTRCRP,'MFSINTRCRP'
HIMGRANI,'HIMGRANI'
AROGRANITE,'AROGRANITE'
HIMFIBP,'HIMFIBP'
RAJKSYN,'RAJKSYN'
DEEPAKSP,'DEEPAKSP'
JBFIND,'JBFIND'
LOYALTEX,'LOYALTEX'
HIMATSEIDE,'HIMATSEIDE'
BSL,'BSL'
EVERTEX,'EVERTEX'
PBMPOLY,'PBMPOLY'
ADINATH,'ADINATH'
ESKAY,'ESKAY'
KONARKSY,'KONARKSY'
SURYALA,'SURYALA'
SURYVANSP,'SURYVANSP'
TTL,'TTL'
UNIWORTH,'UNIWORTH'
WELSPUNIND,'WELSPUNIND'
INDIANACRY,'INDIANACRY'
GANECOS,'GANECOS'
CEETAIN,'CEETAIN'
VARDMNPOLY,'VARDMNPOLY'
RISHYRN,'RISHYRN'
BLACKROSE,'BLACKROSE'
STCORP,'STCORP'
SUMEETINDS,'SUMEETINDS'
BINNY,'BINNY'
KLIFESTYL,'KLIFESTYL'
RAMGOPOLY,'RAMGOPOLY'
SANGAMIND,'SANGAMIND'
IKAB,'IKAB'
KUSHIND,'KUSHIND'
SRECR,'SRECR'
SEASONST,'SEASONST'
ZENIFIB,'ZENIFIB'
BHILSPIN,'BHILSPIN'
AARVEEDEN,'AARVEEDEN'
SANTETX,'SANTETX'
ASHIMASYN,'ASHIMASYN'
PIONEEREMB,'PIONEEREMB'
VIPPYSP,'VIPPYSP'
JAIHINDS,'JAIHINDS'
RAGHUSYN,'RAGHUSYN'
JATTAINDUS,'JATTAINDUS'
KAMADGIRI,'KAMADGIRI'
OMNITEX,'OMNITEX'
PATSPINLTD,'PATSPINLTD'
OBRSESY,'OBRSESY'
NEOINFRA,'NEOINFRA'
GENESIS,'GENESIS'
WINSOME,'WINSOME'
PREMIERPOL,'PREMIERPOL'
EVERLON,'EVERLON'
KRRAIL,'KRRAIL'
YARNSYN,'YARNSYN'
GUJCOTEX,'GUJCOTEX'
AJIL,'AJIL'
GARWSYN,'GARWSYN'
SHARDFI,'SHARDFI'
SARUPINDUS,'SARUPINDUS'
MANORG,'MANORG'
HINDADH,'HINDADH'
BPTEX,'BPTEX'
SRIKPRIND,'SRIKPRIND'
JYOTIRES,'JYOTIRES'
MHLXMIRU,'MHLXMIRU'
SOUTLAT,'SOUTLAT'
OSWAYRN,'OSWAYRN'
WINSOMTX,'WINSOMTX'
FAIRDSY,'FAIRDSY'
ASAHIIND,'ASAHIIND'
POLTC,'POLTC'
REGENCERAM,'REGENCERAM'
ASAHIINDIA,'ASAHIINDIA'
MURUDCERA,'MURUDCERA'
SAINTGOBAIN,'SAINTGOBAIN'
ANANTRAJ,'ANANTRAJ'
MADHUDIN,'MADHUDIN'
SRIVAJRA,'SRIVAJRA'
RESTILE,'RESTILE'
MADHAV,'MADHAV'
VERTICLIND,'VERTICLIND'
RAMASIGNS,'RAMASIGNS'
HINDNATGLS,'HINDNATGLS'
HALDYNGL,'HALDYNGL'
DUROPLY,'DUROPLY'
MANGTIMBER,'MANGTIMBER'
SHREYANIND,'SHREYANIND'
AGIOPAPER,'AGIOPAPER'
STARPAPER,'STARPAPER'
YASHPPR,'YASHPPR'
SARDAPPR,'SARDAPPR'
NATPLY,'NATPLY'
ARROWGREEN,'ARROWGREEN'
VISHNU,'VISHNU'
JUMBO,'JUMBO'
NRAGRINDQ,'NRAGRINDQ'
SRPML,'SRPML'
3PLAND,'3PLAND'
SANPA,'SANPA'
SHKARTP,'SHKARTP'
STHINPA,'STHINPA'
SCANDENT,'SCANDENT'
VINDHYATEL,'VINDHYATEL'
RIR,'RIR'
ADORWELD,'ADORWELD'
IDM,'IDM'
SALZER,'SALZER'
JETKINGQ,'JETKINGQ'
INDAGIV,'INDAGIV'
HIGHGROUND,'HIGHGROUND'
APLAB,'APLAB'
PCS,'PCS'
USHAMART,'USHAMART'
SPELS,'SPELS'
SUBROS,'SUBROS'
PERVASIVE,'PERVASIVE'
HONAUT,'HONAUT'
SWITCHTE,'SWITCHTE'
LUMAXIND,'LUMAXIND'
SPICEMOBI,'SPICEMOBI'
SUJANAUNI,'SUJANAUNI'
PAEL,'PAEL'
CALCOM,'CALCOM'
DYNAVSN,'DYNAVSN'
BCCFUBA,'BCCFUBA'
PRECISIO,'PRECISIO'
HBLPOWER,'HBLPOWER'
GUJARATPOLY,'GUJARATPOLY'
GIPCL,'GIPCL'
SAVINFOCO,'SAVINFOCO'
CMI,'CMI'
MOTHERSUMI,'MOTHERSUMI'
MINDTECK,'MINDTECK'
HAVELLS,'HAVELLS'
ACIIN,'ACIIN'
INCAP,'INCAP'
GUJINTRX,'GUJINTRX'
IGARASHI,'IGARASHI'
SYMPHONY,'SYMPHONY'
VINTRON,'VINTRON'
PANELEC,'PANELEC'
VXLINSTR,'VXLINSTR'
SUNSOUI,'SUNSOUI'
SHYAMTEL,'SHYAMTEL'
LEENEE,'LEENEE'
PATELSAI,'PATELSAI'
BUTTERFLY,'BUTTERFLY'
INTEGSW,'INTEGSW'
ATHENAGLO,'ATHENAGLO'
INSOE,'INSOE'
DUTRON,'DUTRON'
RSSOFTWARE,'RSSOFTWARE'
MAGNAELQ,'MAGNAELQ'
LINAKS,'LINAKS'
MARSONS,'MARSONS'
ELNET,'ELNET'
APTL,'APTL'
ACCEL,'ACCEL'
WEBELSOLAR,'WEBELSOLAR'
ROTO,'ROTO'
TTKPRESTIG,'TTKPRESTIG'
DHINDIA,'DHINDIA'
LEEL,'LEEL'
RAJGLOWIR,'RAJGLOWIR'
SURANAT&amp;P,'SURANAT&amp;P'
ONWARDTEC,'ONWARDTEC'
CENTUM,'CENTUM'
ALFATRAN,'ALFATRAN'
STARLITE,'STARLITE'
NHCFOODS,'NHCFOODS'
PVP,'PVP'
TRIGYN,'TRIGYN'
KEI,'KEI'
INDLMETER,'INDLMETER'
KEERTHI,'KEERTHI'
GSCLCEMENT,'GSCLCEMENT'
SURAJ,'SURAJ'
APCL,'APCL'
MODINATUR,'MODINATUR'
PRSNTIN,'PRSNTIN'
SHAHFOOD,'SHAHFOOD'
ZKHANDEN,'ZKHANDEN'
TASTYBIT,'TASTYBIT'
RITESHIN,'RITESHIN'
AVTNPL,'AVTNPL'
HNDFDS,'HNDFDS'
NAHARINDUS,'NAHARINDUS'
VADILENT,'VADILENT'
VADILALIND,'VADILALIND'
ASHAI,'ASHAI'
ADFFOODS,'ADFFOODS'
WILLIMFI,'WILLIMFI'
AJANTSOY,'AJANTSOY'
WILLAMAGOR,'WILLAMAGOR'
RICHIRICH,'RICHIRICH'
SIEL,'SIEL'
SPTRSHI,'SPTRSHI'
JVLAGRO,'JVLAGRO'
SANWARIA,'SANWARIA'
PRIMAGR,'PRIMAGR'
MADHURIND,'MADHURIND'
TARAI,'TARAI'
MODAIRY,'MODAIRY'
BAMBINO,'BAMBINO'
PRIMIND,'PRIMIND'
TROMBOEXT,'TROMBOEXT'
VIKASWSP,'VIKASWSP'
AASHEE,'AASHEE'
VSFPROJ,'VSFPROJ'
BANSTEA,'BANSTEA'
POONADAL,'POONADAL'
TRANSFD,'TRANSFD'
VIMALOIL,'VIMALOIL'
ANIKINDS,'ANIKINDS'
DATIWARE,'DATIWARE'
KMGMILK,'KMGMILK'
KSE,'KSE'
PIONAGR,'PIONAGR'
NARBADA,'NARBADA'
VIRATCRA,'VIRATCRA'
IBINFO,'IBINFO'
AMBARPIL,'AMBARPIL'
CHORDIA,'CHORDIA'
CIANAGRO,'CIANAGRO'
TAIIND,'TAIIND'
OCEAGRO,'OCEAGRO'
NKIND,'NKIND'
NCCBLUE,'NCCBLUE'
ASIANTNE,'ASIANTNE'
HERITGFOOD,'HERITGFOOD'
NEHAINT,'NEHAINT'
SIMRAN,'SIMRAN'
DFM,'DFM'
CCL,'CCL'
KELLTONTEC,'KELLTONTEC'
SURFI,'SURFI'
INTEGFD,'INTEGFD'
MAHAANF,'MAHAANF'
RICOAUTO,'RICOAUTO'
OMAXAUTO,'OMAXAUTO'
MUNJALSHOW,'MUNJALSHOW'
JAMNAAUTO,'JAMNAAUTO'
SUNCLAYLTD,'SUNCLAYLTD'
JTEKTINDIA,'JTEKTINDIA'
MUNJALAU,'MUNJALAU'
JAYBARMARU,'JAYBARMARU'
RACLGEAR,'RACLGEAR'
SAMKRG,'SAMKRG'
ECSTSTL,'ECSTSTL'
SICAL,'SICAL'
RATNAMANI,'RATNAMANI'
VESUVIUS,'VESUVIUS'
ASAL,'ASAL'
ARCEEIN,'ARCEEIN'
ABCINDQ,'ABCINDQ'
BALTE,'BALTE'
COARO,'COARO'
JAGSONAI,'JAGSONAI'
SIBARAUT,'SIBARAUT'
SHREYAS,'SHREYAS'
STARLOG,'STARLOG'
SHVSUIT,'SHVSUIT'
INDOVATION,'INDOVATION'
EUROTEXIND,'EUROTEXIND'
ICIL,'ICIL'
MARALOVER,'MARALOVER'
SOMATEX,'SOMATEX'
SOURCEIND,'SOURCEIND'
TAMJAIM,'TAMJAIM'
ADVLIFE,'ADVLIFE'
KAKTEX,'KAKTEX'
OCTAVE,'OCTAVE'
TRIDENT,'TRIDENT'
HISARSP,'HISARSP'
ALOKTEXT,'ALOKTEXT'
PASARI,'PASARI'
SPENTEX,'SPENTEX'
AMARJOTHI,'AMARJOTHI'
OLYMPTX,'OLYMPTX'
NAGREEKEXP,'NAGREEKEXP'
SUDTIND-B,'SUDTIND-B'
KHTRFIB,'KHTRFIB'
SBFL,'SBFL'
GEMSPIN,'GEMSPIN'
EUREKAI,'EUREKAI'
ADITYASP,'ADITYASP'
PRIMEURB,'PRIMEURB'
DHANFAB,'DHANFAB'
SLSTLQ,'SLSTLQ'
ZODIACLOTH,'ZODIACLOTH'
FRONTBUSS,'FRONTBUSS'
GANGOTRI,'GANGOTRI'
SRMCL,'SRMCL'
SUPERSPIN,'SUPERSPIN'
SEASONF,'SEASONF'
UNITEDTE,'UNITEDTE'
SILINV,'SILINV'
SURYALAXMI,'SURYALAXMI'
SAMTEX,'SAMTEX'
CITYMAN,'CITYMAN'
DHANROTO,'DHANROTO'
DAMOINDUS,'DAMOINDUS'
SANBLUE,'SANBLUE'
UNIROYAL,'UNIROYAL'
TATIAGLOB,'TATIAGLOB'
SUNILTX,'SUNILTX'
SRINACHA,'SRINACHA'
KDL,'KDL'
SAMBANDAM,'SAMBANDAM'
KANDAGIRI,'KANDAGIRI'
CHITRTX,'CHITRTX'
KITEX,'KITEX'
CRANEX,'CRANEX'
BATLIBOI,'BATLIBOI'
AUSTENG,'AUSTENG'
UNIDT,'UNIDT'
FLUIDOM,'FLUIDOM'
EMAINDIA,'EMAINDIA'
WINDMACHIN,'WINDMACHIN'
SHANTIGEAR,'SHANTIGEAR'
MIVENMACH,'MIVENMACH'
HONDAPOWER,'HONDAPOWER'
HITECHGEAR,'HITECHGEAR'
ELGIEQUIP,'ELGIEQUIP'
UVDRHOR,'UVDRHOR'
KLBRENG-B,'KLBRENG-B'
BIRLAPREC,'BIRLAPREC'
YUKEN,'YUKEN'
TIMKEN,'TIMKEN'
VOITHPAPR,'VOITHPAPR'
ARTSONEN,'ARTSONEN'
SOLIMAC,'SOLIMAC'
DIAPOWER,'DIAPOWER'
INDSILHYD,'INDSILHYD'
ITL,'ITL'
FRONTSP,'FRONTSP'
PRAJIND,'PRAJIND'
RASANDIK,'RASANDIK'
YOGISUNG,'YOGISUNG'
SWISSGLA,'SWISSGLA'
GUJAPOLLO,'GUJAPOLLO'
TANAA,'TANAA'
CONART,'CONART'
SHIVAGR,'SHIVAGR'
MMFL,'MMFL'
IYKOTHITE,'IYKOTHITE'
MAYURUNIQ,'MAYURUNIQ'
CENLUB,'CENLUB'
RAJOOENG,'RAJOOENG'
DOLPHINOFF,'DOLPHINOFF'
JMCPROJECT,'JMCPROJECT'
VJLAXMIE,'VJLAXMIE'
AHMDSTE,'AHMDSTE'
GET&amp;D,'GET&amp;D'
RAMRAT,'RAMRAT'
JAYNECOIND,'JAYNECOIND'
KALPATPOWR,'KALPATPOWR'
IFMIMPX,'IFMIMPX'
CHANDNI,'CHANDNI'
TIGLOB,'TIGLOB'
CONTROLPR,'CONTROLPR'
BEMHY,'BEMHY'
ANSALBU,'ANSALBU'
WEIZMANIND,'WEIZMANIND'
BNRSEC,'BNRSEC'
RISHITECH,'RISHITECH'
SINCLAIR,'SINCLAIR'
SAFARIND,'SAFARIND'
ADSDIAG,'ADSDIAG'
ZBINTXPP,'ZBINTXPP'
JJFINCOR,'JJFINCOR'
COSMOFE,'COSMOFE'
ZPPOLYSA,'ZPPOLYSA'
FUTURSEC,'FUTURSEC'
SANCTRN,'SANCTRN'
ADORMUL,'ADORMUL'
EIHAHOTELS,'EIHAHOTELS'
BONINDL,'BONINDL'
MEDICAPQ,'MEDICAPQ'
OTCO,'OTCO'
MORGANITE,'MORGANITE'
SIPIND,'SIPIND'
AYPLAMI,'AYPLAMI'
BAPACK,'BAPACK'
ABAN,'ABAN'
KOKUYOCMLN,'KOKUYOCMLN'
NICCOUCO,'NICCOUCO'
KILBURN,'KILBURN'
SRMENERGY,'SRMENERGY'
BHARATSE,'BHARATSE'
CONTPTR,'CONTPTR'
NBFOOT,'NBFOOT'
MACPLASQ,'MACPLASQ'
PEARLPOLY,'PEARLPOLY'
VENKYS,'VENKYS'
ADVANIHOTR,'ADVANIHOTR'
GVFILM,'GVFILM'
SUPERHOUSE,'SUPERHOUSE'
RAMAVISION,'RAMAVISION'
TCPLPACK,'TCPLPACK'
PURITY,'PURITY'
BALMLAWRIE,'BALMLAWRIE'
KOVAI,'KOVAI'
ELDEHSG,'ELDEHSG'
MICROSE,'MICROSE'
STDSHOE,'STDSHOE'
DCMSHRIRAM,'DCMSHRIRAM'
DCMSRMIND,'DCMSRMIND'
MAWANASUG,'MAWANASUG'
MINID,'MINID'
MAHAPEXLTD,'MAHAPEXLTD'
NILKAMAL,'NILKAMAL'
TRITON,'TRITON'
NAHARPOLY,'NAHARPOLY'
3MINDIA,'3MINDIA'
JCHAC,'JCHAC'
JMFINANCIL,'JMFINANCIL'
ADCINDIA,'ADCINDIA'
COVENTRY,'COVENTRY'
TNTELE,'TNTELE'
SUNRAJDI,'SUNRAJDI'
RIIL,'RIIL'
SHARP,'SHARP'
LINDEINDIA,'LINDEINDIA'
INDBNK,'INDBNK'
JAIMATAG,'JAIMATAG'
LOTUSCHO,'LOTUSCHO'
PACIFICI,'PACIFICI'
CMMHOSP,'CMMHOSP'
UNIOFFICE,'UNIOFFICE'
RAINBOWPAP,'RAINBOWPAP'
APMIN,'APMIN'
PRECWIRE,'PRECWIRE'
KRYPTONQ,'KRYPTONQ'
NETWORK,'NETWORK'
MARBU,'MARBU'
FEL,'FEL'
INDTONER,'INDTONER'
KUNSTOFF,'KUNSTOFF'
SCI,'SCI'
SIKA,'SIKA'
ITI,'ITI'
DREDGECORP,'DREDGECORP'
PHRMASI,'PHRMASI'
PODDAR,'PODDAR'
NFL,'NFL'
IPRINGLTD,'IPRINGLTD'
PIIND,'PIIND'
PLASTIBLEN,'PLASTIBLEN'
REDEXPR,'REDEXPR'
KKPLASTICK,'KKPLASTICK'
WATERBASE,'WATERBASE'
FLEXFO,'FLEXFO'
GOLKUNDIA,'GOLKUNDIA'
APCOTEXIND,'APCOTEXIND'
FORTISMLR,'FORTISMLR'
MASTEK,'MASTEK'
EIMCOELECO,'EIMCOELECO'
SAYAJIHOTL,'SAYAJIHOTL'
JMGCORP,'JMGCORP'
ASHIANA,'ASHIANA'
SVAMSOF,'SVAMSOF'
VIJSHAN,'VIJSHAN'
ECOBOAR,'ECOBOAR'
DVL,'DVL'
IOSYSTEM,'IOSYSTEM'
EPCIN,'EPCIN'
SREINFRA,'SREINFRA'
GUJBOROS,'GUJBOROS'
MITSHI,'MITSHI'
SHUKJEW,'SHUKJEW'
MAZDALTD,'MAZDALTD'
VICEROY,'VICEROY'
SOVERDIA,'SOVERDIA'
MENONBE,'MENONBE'
MUKATPIP,'MUKATPIP'
GUJRAFIA,'GUJRAFIA'
SIMPLEXINF,'SIMPLEXINF'
INNOVTEC,'INNOVTEC'
SUPTANERY,'SUPTANERY'
AXTEL,'AXTEL'
PIFL,'PIFL'
PRECISION,'PRECISION'
TOTEX,'TOTEX'
VRWODAR,'VRWODAR'
APIL,'APIL'
MAGMA,'MAGMA'
HINFLUR,'HINFLUR'
KINGFA,'KINGFA'
PATIDAR,'PATIDAR'
RAMAPHO,'RAMAPHO'
VENLONENT,'VENLONENT'
POLYPLEX,'POLYPLEX'
ALBERTDA,'ALBERTDA'
HARLETH,'HARLETH'
MONSANTO,'MONSANTO'
ACRYSIL,'ACRYSIL'
KABRAEXTRU,'KABRAEXTRU'
VINYLINDIA,'VINYLINDIA'
PCCOSMA,'PCCOSMA'
TCMLMTD,'TCMLMTD'
IOLCP,'IOLCP'
KESARPE,'KESARPE'
VINATIORGA,'VINATIORGA'
LACTOSE,'LACTOSE'
TEEAI,'TEEAI'
AARTIIND,'AARTIIND'
PNTKYOR,'PNTKYOR'
WANBURY,'WANBURY'
RESONANCE,'RESONANCE'
GAEL,'GAEL'
RCF,'RCF'
KOPRAN,'KOPRAN'
AIMCOPEST,'AIMCOPEST'
GUJTERC,'GUJTERC'
KABRADG,'KABRADG'
SEYAIND,'SEYAIND'
JAYAGROGN,'JAYAGROGN'
BCLIL,'BCLIL'
SHHARICH,'SHHARICH'
INDOBORAX,'INDOBORAX'
AARTIDRUGS,'AARTIDRUGS'
BODALCHEM,'BODALCHEM'
ORCHIDPHAR,'ORCHIDPHAR'
CRAZYINF,'CRAZYINF'
VIMTALABS,'VIMTALABS'
BIOFILCHEM,'BIOFILCHEM'
ISHITADR,'ISHITADR'
MARKSANS,'MARKSANS'
UNIVSTAR,'UNIVSTAR'
AREYDRG,'AREYDRG'
NORRIS,'NORRIS'
ASINPET,'ASINPET'
CAMEXLTD,'CAMEXLTD'
KAVITIND,'KAVITIND'
INDOEURO,'INDOEURO'
SYNCOMF,'SYNCOMF'
RIDDHI,'RIDDHI'
IPCALAB,'IPCALAB'
KILITCH,'KILITCH'
RAAJMEDI,'RAAJMEDI'
CORALAB,'CORALAB'
TULASEEBIOE,'TULASEEBIOE'
BACPHAR,'BACPHAR'
KREBSBIO,'KREBSBIO'
KMCSHIL,'KMCSHIL'
LAFFANSQ,'LAFFANSQ'
BHASKAGR,'BHASKAGR'
SUKHJITS,'SUKHJITS'
SHABCHM,'SHABCHM'
NEULANDLAB,'NEULANDLAB'
GAYATRIBI,'GAYATRIBI'
PODARPIGQ,'PODARPIGQ'
VIVIDIND,'VIVIDIND'
PRIYALT,'PRIYALT'
TIRUSTA,'TIRUSTA'
HEMORGANIC,'HEMORGANIC'
JDORGOCHEM,'JDORGOCHEM'
ASHOKALC,'ASHOKALC'
AKSCHEM,'AKSCHEM'
SHIVMED,'SHIVMED'
KAMRLAB,'KAMRLAB'
BERLDRG,'BERLDRG'
RATHIGRA,'RATHIGRA'
INDXTRA,'INDXTRA'
ISTRNETWK,'ISTRNETWK'
GAGAN,'GAGAN'
PARKERAC,'PARKERAC'
SHUKRAPHAR,'SHUKRAPHAR'
ALUFLUOR,'ALUFLUOR'
ARCHITORG,'ARCHITORG'
INDOAMIN,'INDOAMIN'
INDSWFTLTD,'INDSWFTLTD'
NATCAPSUQ,'NATCAPSUQ'
WELCURE,'WELCURE'
BIBCL,'BIBCL'
SOTL,'SOTL'
HESTERBIO,'HESTERBIO'
KABSON,'KABSON'
BASANTGL,'BASANTGL'
PARENTLD,'PARENTLD'
KILBURNC,'KILBURNC'
SANDUPHQ,'SANDUPHQ'
NACLIND,'NACLIND'
VISTAPH,'VISTAPH'
SUNPHARMA,'SUNPHARMA'
TITANBIO,'TITANBIO'
BIJHANS,'BIJHANS'
SDL,'SDL'
JENBURPH,'JENBURPH'
HIKAL,'HIKAL'
CAPPL,'CAPPL'
FISCHER,'FISCHER'
LINKPH,'LINKPH'
COMBDRG,'COMBDRG'
GUJMEDI,'GUJMEDI'
WINTAC,'WINTAC'
NUTRA,'NUTRA'
EMMESSA,'EMMESSA'
NGLFINE,'NGLFINE'
EVERESTO,'EVERESTO'
VARDHCH,'VARDHCH'
AUROPHARMA,'AUROPHARMA'
PHYTO,'PHYTO'
NATCOPHARM*,'NATCOPHARM*'
DYNAMIND,'DYNAMIND'
PANAMAPET,'PANAMAPET'
BALPHARMA,'BALPHARMA'
BDH,'BDH'
JAUSPOL,'JAUSPOL'
PROCAL,'PROCAL'
GLOBUSCON,'GLOBUSCON'
CUBEXTUB,'CUBEXTUB'
POLYCHMP,'POLYCHMP'
KCCLPLASTC,'KCCLPLASTC'
STELLANT,'STELLANT'
GALXBRG,'GALXBRG'
VINRKLB,'VINRKLB'
SGARRES,'SGARRES'
SATHAISPAT,'SATHAISPAT'
RALEGRA,'RALEGRA'
UNRYLMA,'UNRYLMA'
KARANWO,'KARANWO'
SHERVANI,'SHERVANI'
ARHNTTO,'ARHNTTO'
SUPERTEX,'SUPERTEX'
SHETR,'SHETR'
TRABI,'TRABI'
MPL,'MPL'
NIKHILAD,'NIKHILAD'
SPENTA,'SPENTA'
MULTIBASE,'MULTIBASE'
ANDREWYU,'ANDREWYU'
LUDLOWJUT,'LUDLOWJUT'
ASHRAM,'ASHRAM'
ROYALCU,'ROYALCU'
NOGMIND,'NOGMIND'
HITECHCORP,'HITECHCORP'
BLOOM,'BLOOM'
FILATEX,'FILATEX'
STDSFAC,'STDSFAC'
MERCATOR,'MERCATOR'
MORGAN,'MORGAN'
AMRAPLIN,'AMRAPLIN'
PREMEXPLQ,'PREMEXPLQ'
MIDEASTP,'MIDEASTP'
MOLDTEK,'MOLDTEK'
CRSTCHM,'CRSTCHM'
DIVYAJYQ,'DIVYAJYQ'
MPHASIS,'MPHASIS'
MEDINOV,'MEDINOV'
DIVSHKT,'DIVSHKT'
ORIENTLTD,'ORIENTLTD'
SHREYASI,'SHREYASI'
PARTIND,'PARTIND'
DUROPACK,'DUROPACK'
SWARNSAR,'SWARNSAR'
GANESHHOUC,'GANESHHOUC'
NMDC,'NMDC'
CINDHO,'CINDHO'
PATINTLOG,'PATINTLOG'
ALPHAGEO,'ALPHAGEO'
RPIL,'RPIL'
KKALPANAIND,'KKALPANAIND'
OKPLA,'OKPLA'
KRITIIND,'KRITIIND'
WELTI,'WELTI'
ASMTEC,'ASMTEC'
PERFEPA,'PERFEPA'
VISIONCINE,'VISIONCINE'
WINSOMBR,'WINSOMBR'
ELEFLOR,'ELEFLOR'
SAENTER,'SAENTER'
SKYIND,'SKYIND'
PHOENXINTL,'PHOENXINTL'
EDUEXEL,'EDUEXEL'
AARVINFRA,'AARVINFRA'
PRATIK,'PRATIK'
RISHIROOP,'RISHIROOP'
PROMACT,'PROMACT'
STRGRENWO,'STRGRENWO'
DOLPHMED,'DOLPHMED'
SYSTMTXC,'SYSTMTXC'
SHAHISHIP,'SHAHISHIP'
INTLNKP,'INTLNKP'
ALPINEHOU,'ALPINEHOU'
SANGHIIND,'SANGHIIND'
WWLEATH,'WWLEATH'
SFPIL,'SFPIL'
MAXIMAA,'MAXIMAA'
SCANPGEOM,'SCANPGEOM'
CHOKSILA,'CHOKSILA'
CCHHL,'CCHHL'
SALGUTI,'SALGUTI'
LONTE,'LONTE'
MIDWEST,'MIDWEST'
ENTRINT,'ENTRINT'
TECHIN,'TECHIN'
TPLPLAST,'TPLPLAST'
WIMPLAST,'WIMPLAST'
PHOTOQUP,'PHOTOQUP'
LIBERTSHOE,'LIBERTSHOE'
LIPPISYS,'LIPPISYS'
ELECTHERM,'ELECTHERM'
BLUEDART,'BLUEDART'
EXPOGAS,'EXPOGAS'
NATPLAS,'NATPLAS'
MFLINDIA,'MFLINDIA'
AJWAFUN,'AJWAFUN'
RAYALEMA,'RAYALEMA'
MIRZAINT,'MIRZAINT'
TFCILTD,'TFCILTD'
THAKDEV,'THAKDEV'
ARENTERP,'ARENTERP'
BIL,'BIL'
KAMATHOTEL,'KAMATHOTEL'
HOTELRUGBY,'HOTELRUGBY'
POLOHOT,'POLOHOT'
FENOPLAS,'FENOPLAS'
ECOPLAST,'ECOPLAST'
ELEMARB,'ELEMARB'
ALCHEM,'ALCHEM'
ADARSHPL,'ADARSHPL'
GOPALA,'GOPALA'
NICCOPAR,'NICCOPAR'
NTCIND,'NTCIND'
SANDESH,'SANDESH'
GARNET,'GARNET'
GOLDIAM,'GOLDIAM'
BRIGHTBR,'BRIGHTBR'
CORPOCO,'CORPOCO'
SHAWGELTIN,'SHAWGELTIN'
PGFOILQ,'PGFOILQ'
GRATEXI,'GRATEXI'
VELHO,'VELHO'
HOWARHO,'HOWARHO'
VALIANT,'VALIANT'
DRAGARWQ,'DRAGARWQ'
MHSGRMS,'MHSGRMS'
GREENPLY,'GREENPLY'
UNQTYMI,'UNQTYMI'
PSL,'PSL'
SEAMECLTD,'SEAMECLTD'
RAGHUNAT,'RAGHUNAT'
CHEVIOT,'CHEVIOT'
DAICHI,'DAICHI'
RAJINFRA,'RAJINFRA'
SPICEISL,'SPICEISL'
CONFIPET,'CONFIPET'
SIPL,'SIPL'
ATLANTADEV,'ATLANTADEV'
ASHSI,'ASHSI'
BANARBEADS,'BANARBEADS'
AREXMIS,'AREXMIS'
BI,'BI'
ISFL,'ISFL'
RISHILASE,'RISHILASE'
JAINCO,'JAINCO'
INTECCAP,'INTECCAP'
RAJGASES,'RAJGASES'
63MOONS,'63MOONS'
SARLAPOLY,'SARLAPOLY'
INDOCRED,'INDOCRED'
MKTCREAT,'MKTCREAT'
HFIL,'HFIL'
SONALAD,'SONALAD'
PADMAIND,'PADMAIND'
CHDDLTD,'CHDDLTD'
21STCENMGM,'21STCENMGM'
DION,'DION'
HRYNSHP,'HRYNSHP'
MBPARIKH,'MBPARIKH'
TYROON,'TYROON'
LAOPALA,'LAOPALA'
STYLAMIND,'STYLAMIND'
VENUSREM,'VENUSREM'
UDL,'UDL'
WOODSVILA,'WOODSVILA'
TRANSFIN,'TRANSFIN'
GUJCRAFT,'GUJCRAFT'
HEERAISP,'HEERAISP'
DHOOTIN,'DHOOTIN'
CRIMSON,'CRIMSON'
SHBAJRG,'SHBAJRG'
ASHOKRE,'ASHOKRE'
URJAGLOBA,'URJAGLOBA'
ASHAPURMIN,'ASHAPURMIN'
SHREEPAC,'SHREEPAC'
GUJALKALI,'GUJALKALI'
INDIACEM,'INDIACEM'
JKTYRE,'JKTYRE'
MANGCHEFER,'MANGCHEFER'
SIL,'SIL'
JUBILANT,'JUBILANT'
THEINVEST,'THEINVEST'
SAMYAKINT,'SAMYAKINT'
SANTOSHF,'SANTOSHF'
SREEJAYA,'SREEJAYA'
ACKNIT,'ACKNIT'
TITANSEC,'TITANSEC'
MOHOTAIND,'MOHOTAIND'
JJEXPO,'JJEXPO'
REALNEWS,'REALNEWS'
HRMNYCP,'HRMNYCP'
VIVANZA,'VIVANZA'
YASHRAJC,'YASHRAJC'
LORDSHOTL,'LORDSHOTL'
CSLFINANCE,'CSLFINANCE'
SANGHVIMOV,'SANGHVIMOV'
SELAN*,'SELAN*'
FRSHTRP,'FRSHTRP'
FAZE3Q,'FAZE3Q'
ACEEDU,'ACEEDU'
PRADHIN,'PRADHIN'
ANUPAM,'ANUPAM'
RAJPACK,'RAJPACK'
FAIRCHEM,'FAIRCHEM'
NATRAJPR,'NATRAJPR'
SAMRATPH,'SAMRATPH'
NPRFIN,'NPRFIN'
NILE,'NILE'
UDAICEMENT,'UDAICEMENT'
AMCOIND,'AMCOIND'
OPTIEMUS,'OPTIEMUS'
KREONFIN,'KREONFIN'
GYANDEV,'GYANDEV'
KISAN,'KISAN'
KSLIND,'KSLIND'
VIJAYTX,'VIJAYTX'
GARODCH,'GARODCH'
KERALAYUR,'KERALAYUR'
MONGIPA,'MONGIPA'
MOHITPPR,'MOHITPPR'
DAULAT,'DAULAT'
OSCARGLO,'OSCARGLO'
ODYSSEY,'ODYSSEY'
SPSINT,'SPSINT'
RSCINT,'RSCINT'
SURATEX,'SURATEX'
ATHARVENT,'ATHARVENT'
CHROMATIC,'CHROMATIC'
BAGADIA,'BAGADIA'
THEMISMED,'THEMISMED'
KALLAM,'KALLAM'
BRAWN,'BRAWN'
FORINTL,'FORINTL'
KINGSINFR,'KINGSINFR'
NUTRICIRCLE,'NUTRICIRCLE'
SUBSM,'SUBSM'
AUROLAB,'AUROLAB'
KJMCFIN,'KJMCFIN'
SUVEN,'SUVEN'
MANGASOF,'MANGASOF'
ARYAMAN,'ARYAMAN'
BRIDGESE,'BRIDGESE'
RISAINTL,'RISAINTL'
RAJTUBE,'RAJTUBE'
KAYPOWR,'KAYPOWR'
INTSTOIL,'INTSTOIL'
GLOBALCA,'GLOBALCA'
SAINIK,'SAINIK'
SABOOBR,'SABOOBR'
RICHUNV,'RICHUNV'
QUANTDIA,'QUANTDIA'
SPCAPIT,'SPCAPIT'
KOTHARIPRO,'KOTHARIPRO'
PICCADIL,'PICCADIL'
CHAMANSEQ,'CHAMANSEQ'
CHANDRAP,'CHANDRAP'
HINDTIN,'HINDTIN'
GODAVARI,'GODAVARI'
PREMCO,'PREMCO'
EMGEECA,'EMGEECA'
MUKESHB,'MUKESHB'
GENUSPOWER,'GENUSPOWER'
ASIANOI,'ASIANOI'
KBSINDIA,'KBSINDIA'
SEAGOLD,'SEAGOLD'
UGARSUGAR,'UGARSUGAR'
ORIENTBELL,'ORIENTBELL'
NRBBEARING,'NRBBEARING'
VAMSHIRU,'VAMSHIRU'
NILA,'NILA'
PETRONENGG,'PETRONENGG'
GEEFC,'GEEFC'
DBSTOCKBRO,'DBSTOCKBRO'
VINYOFL,'VINYOFL'
VALLABH,'VALLABH'
JINDCAP,'JINDCAP'
EPIC,'EPIC'
SUMEDHA,'SUMEDHA'
KUWERIN,'KUWERIN'
CHOKSI,'CHOKSI'
ASHISHPO,'ASHISHPO'
ADORFO,'ADORFO'
SHIVAAGRO,'SHIVAAGRO'
MAHAN,'MAHAN'
SUMERUIND,'SUMERUIND'
RUNGTAIR,'RUNGTAIR'
CINERAD,'CINERAD'
VALSONQ,'VALSONQ'
SABOOSOD,'SABOOSOD'
GSLSEC,'GSLSEC'
TINNARUBR,'TINNARUBR'
VIKRAMTH,'VIKRAMTH'
STRATMONT,'STRATMONT'
AKCAPIT,'AKCAPIT'
RELAXO,'RELAXO'
VIRAT,'VIRAT'
SHEETAL,'SHEETAL'
TERAI,'TERAI'
MANRAJH,'MANRAJH'
MARG,'MARG'
COSCO,'COSCO'
SHILPAMED,'SHILPAMED'
PARACABLES,'PARACABLES'
NCLRESE,'NCLRESE'
SSLFINANCE,'SSLFINANCE'
EXPLICITFIN,'EXPLICITFIN'
LADDERUP,'LADDERUP'
UYFINCORP,'UYFINCORP'
EKAMLEA,'EKAMLEA'
SWASTIKA,'SWASTIKA'
PRIMAPLA,'PRIMAPLA'
TELECANOR,'TELECANOR'
JAGSONFI,'JAGSONFI'
GSLNOVA,'GSLNOVA'
CARNATIN,'CARNATIN'
STURDY,'STURDY'
GARGFUR,'GARGFUR'
SAMPRE,'SAMPRE'
AAIL,'AAIL'
VIPULORG,'VIPULORG'
ECORECO,'ECORECO'
GOODLUCK,'GOODLUCK'
GOYALASS,'GOYALASS'
ZENITHHE,'ZENITHHE'
PRESOFI,'PRESOFI'
YORKEXP,'YORKEXP'
SUPREME,'SUPREME'
PITHP,'PITHP'
LYKISLTD,'LYKISLTD'
PRIMEPRO,'PRIMEPRO'
ZENLABS,'ZENLABS'
RAJRAYON,'RAJRAYON'
FLORATX,'FLORATX'
GOWRALE,'GOWRALE'
JAGANLAM,'JAGANLAM'
AJEL,'AJEL'
ANGIND,'ANGIND'
ASITCFIN,'ASITCFIN'
NOVAPUB,'NOVAPUB'
SUPERBAK,'SUPERBAK'
OVOBELE,'OVOBELE'
INDOASIAF,'INDOASIAF'
STERTOOLS,'STERTOOLS'
DEVKI,'DEVKI'
KLGCAP,'KLGCAP'
IVRCLINFRA,'IVRCLINFRA'
INFRAIND,'INFRAIND'
DYNAMICP,'DYNAMICP'
INTERHG,'INTERHG'
TRANSASIA,'TRANSASIA'
INLANPR,'INLANPR'
CEEJAY,'CEEJAY'
SUNCITYSY,'SUNCITYSY'
SHGANEL,'SHGANEL'
ANNAINFRA,'ANNAINFRA'
BHAGIL,'BHAGIL'
OIVL,'OIVL'
REGALIAA,'REGALIAA'
BNRUDY,'BNRUDY'
KRBL,'KRBL'
REFNOL,'REFNOL'
SSPDL,'SSPDL'
DAIKAFFI,'DAIKAFFI'
CILSEC,'CILSEC'
CLIOINFO,'CLIOINFO'
SHRIBCL,'SHRIBCL'
CUPID,'CUPID'
SUNSHIEL,'SUNSHIEL'
HIPOLIN,'HIPOLIN'
GDLLEAS,'GDLLEAS'
COSBOARD,'COSBOARD'
SFLINTER,'SFLINTER'
CHEMBOND,'CHEMBOND'
CIFL,'CIFL'
CENPORT,'CENPORT'
SUCROSA,'SUCROSA'
FIVECORE,'FIVECORE'
ALKA,'ALKA'
NGIND,'NGIND'
ASIAPAK,'ASIAPAK'
SAINDUS,'SAINDUS'
SICAPIT,'SICAPIT'
ERPSOFT,'ERPSOFT'
JRFOODS,'JRFOODS'
RRSECUR,'RRSECUR'
REMSONSIND,'REMSONSIND'
INTETHR,'INTETHR'
RAMSONS,'RAMSONS'
HARAFIN,'HARAFIN'
EUROASIA,'EUROASIA'
STANPACK,'STANPACK'
SABTN,'SABTN'
RAMINFO,'RAMINFO'
SUNILAGR,'SUNILAGR'
DIANATEA,'DIANATEA'
VIKASECO,'VIKASECO'
IOC,'IOC'
NIMBUSI,'NIMBUSI'
ALFAICA,'ALFAICA'
SKCIL,'SKCIL'
INDIAHOME,'INDIAHOME'
JPTSEC,'JPTSEC'
ROOPAIND,'ROOPAIND'
SARTHAKGL,'SARTHAKGL'
UNIQUEO,'UNIQUEO'
BALAMINES,'BALAMINES'
SWRNASE,'SWRNASE'
ARISE,'ARISE'
VISAGAR,'VISAGAR'
LIBORD,'LIBORD'
BHATEXT,'BHATEXT'
REGAL,'REGAL'
JRELTD,'JRELTD'
COMPEAU,'COMPEAU'
ZDHJERK,'ZDHJERK'
ADVPOWER,'ADVPOWER'
NEELKAN,'NEELKAN'
VINTAGES,'VINTAGES'
OSWALOR,'OSWALOR'
CONTILI,'CONTILI'
VIJSOLX,'VIJSOLX'
SHRIKRISH,'SHRIKRISH'
ALANKIT,'ALANKIT'
NIHARINF,'NIHARINF'
TULIPSTA,'TULIPSTA'
UNITDCR,'UNITDCR'
OMMETALS,'OMMETALS'
RUBRAME,'RUBRAME'
ISHANCH,'ISHANCH'
GOTHIPL,'GOTHIPL'
AMAZEENT,'AMAZEENT'
CEENIK,'CEENIK'
PATELENG,'PATELENG'
VIRTUALS,'VIRTUALS'
MENAMANI,'MENAMANI'
INANI,'INANI'
GEMSI,'GEMSI'
MEDICAMEQ,'MEDICAMEQ'
ALICON,'ALICON'
DILIGENT,'DILIGENT'
ALFAVIO,'ALFAVIO'
ORGCOAT,'ORGCOAT'
CATVISION,'CATVISION'
ABMKNO,'ABMKNO'
EMAMILTD,'EMAMILTD'
KEMISTAR,'KEMISTAR'
LADIAMO,'LADIAMO'
SKPSEC,'SKPSEC'
PRANAVSP,'PRANAVSP'
SYSCHEM,'SYSCHEM'
BLSINFOTE,'BLSINFOTE'
MEFCOMCAP,'MEFCOMCAP'
HEMANG,'HEMANG'
ARMANFIN,'ARMANFIN'
TAVERNIER,'TAVERNIER'
MIDINFRA,'MIDINFRA'
GAGANPO,'GAGANPO'
DHANADACO,'DHANADACO'
GLANCE,'GLANCE'
SHILCTECH,'SHILCTECH'
BRANDREAL,'BRANDREAL'
KWALITYCL,'KWALITYCL'
RAYLA,'RAYLA'
NUCLEUS,'NUCLEUS'
COLINZ,'COLINZ'
WELLNESS,'WELLNESS'
NALINLEA,'NALINLEA'
MANAPPURAM,'MANAPPURAM'
RTSPOWR,'RTSPOWR'
COMFINTE,'COMFINTE'
SHYAMAINFO,'SHYAMAINFO'
MAYURFL,'MAYURFL'
ANJANI,'ANJANI'
DECOMIC,'DECOMIC'
RANDER,'RANDER'
RASIELEC,'RASIELEC'
VICTORYPP,'VICTORYPP'
CITIPOR,'CITIPOR'
DHRUVCA,'DHRUVCA'
LINCPENQ,'LINCPENQ'
PRIMAIN,'PRIMAIN'
ANERI,'ANERI'
INDGELA,'INDGELA'
OPTIFIN,'OPTIFIN'
PARAGONF,'PARAGONF'
PRATIKSH,'PRATIKSH'
ESHAMEDIA,'ESHAMEDIA'
YKMIND,'YKMIND'
PROGRESV,'PROGRESV'
VSTTILLERS,'VSTTILLERS'
B2BSOFT,'B2BSOFT'
NIKKIGL,'NIKKIGL'
RADHEDE,'RADHEDE'
KINETRU,'KINETRU'
ELIXIR,'ELIXIR'
TRISHAKT,'TRISHAKT'
PANKAJPO,'PANKAJPO'
PGINDST,'PGINDST'
CINDRELL,'CINDRELL'
NATPLASTI,'NATPLASTI'
LEADFIN,'LEADFIN'
NATFIT,'NATFIT'
ARTEFACT,'ARTEFACT'
AMITINT,'AMITINT'
HIGHSTREE,'HIGHSTREE'
NUTECGLOB,'NUTECGLOB'
DHPIND,'DHPIND'
SRK,'SRK'
AVAILFC,'AVAILFC'
INTCAPM,'INTCAPM'
MARUTISE,'MARUTISE'
HAVISHA,'HAVISHA'
JAYIND,'JAYIND'
ROSELABS,'ROSELABS'
KRETTOSYS,'KRETTOSYS'
VIKALPS,'VIKALPS'
ZYDUSWELL,'ZYDUSWELL'
AUROCOK,'AUROCOK'
IRISMEDIA,'IRISMEDIA'
MILESTONE,'MILESTONE'
JAIHINDPRO,'JAIHINDPRO'
BERVINL,'BERVINL'
GUJINV,'GUJINV'
INDINFRA,'INDINFRA'
CONCOR,'CONCOR'
EASTRED,'EASTRED'
PANACEABIO,'PANACEABIO'
PEETISEC,'PEETISEC'
MERMETL,'MERMETL'
CHOICEIN,'CHOICEIN'
SRAMSET,'SRAMSET'
GOLECHA,'GOLECHA'
AQUAPIV,'AQUAPIV'
SPARCSYS,'SPARCSYS'
THEBYKE,'THEBYKE'
CSURGSU,'CSURGSU'
ARIHANT,'ARIHANT'
HASTIFIN,'HASTIFIN'
UPSURGE,'UPSURGE'
ASFLORA,'ASFLORA'
PADAMCO,'PADAMCO'
WOMENNET,'WOMENNET'
POLYCON,'POLYCON'
SOURCENTRL,'SOURCENTRL'
ALMONDZ,'ALMONDZ'
LWSKNIT,'LWSKNIT'
ZICOM,'ZICOM'
ANSINDUS,'ANSINDUS'
ALCHCORP,'ALCHCORP'
GUJFOIL,'GUJFOIL'
TUNITEX,'TUNITEX'
RADIXIND,'RADIXIND'
KIRANPR,'KIRANPR'
NARPROP,'NARPROP'
MEGACOR,'MEGACOR'
BMBMUMG,'BMBMUMG'
TNPL,'TNPL'
ADVENT,'ADVENT'
SHAKTIPUMP,'SHAKTIPUMP'
SYTIXSE,'SYTIXSE'
SUNGOLD,'SUNGOLD'
PWASML,'PWASML'
GOLDTECH,'GOLDTECH'
VARDHMAN,'VARDHMAN'
ROCKONENT,'ROCKONENT'
SAFALSEC,'SAFALSEC'
GRMOVER,'GRMOVER'
NCCFIN,'NCCFIN'
MOHITIND,'MOHITIND'
POLYLINK,'POLYLINK'
MINAXI,'MINAXI'
CONTICON,'CONTICON'
GBLINFRA,'GBLINFRA'
NOUVEAU,'NOUVEAU'
DUKEOFS,'DUKEOFS'
CYBELEIND,'CYBELEIND'
GLOBAL,'GLOBAL'
CGVAK,'CGVAK'
NAVBLDR,'NAVBLDR'
BLUECOAST,'BLUECOAST'
OMKAR,'OMKAR'
MADHUCON,'MADHUCON'
SYBLY,'SYBLY'
RAJESHEXPO,'RAJESHEXPO'
ESARIND,'ESARIND'
MARIS,'MARIS'
INDERGR,'INDERGR'
EVEREADY,'EVEREADY'
STEP2COR,'STEP2COR'
ORIENTTR,'ORIENTTR'
MAHANIN,'MAHANIN'
VIKASPROP,'VIKASPROP'
ANKUSHFI,'ANKUSHFI'
DESHRAK,'DESHRAK'
ACESOFT,'ACESOFT'
HATSUN,'HATSUN'
ECOM,'ECOM'
RISHDIGA,'RISHDIGA'
MAINFRA,'MAINFRA'
AVONLIFE,'AVONLIFE'
JINDWORLD,'JINDWORLD'
TIRIN,'TIRIN'
SOMANYCERA,'SOMANYCERA'
JHACC,'JHACC'
RAGHUTOB,'RAGHUTOB'
DRL,'DRL'
CORALFINAC,'CORALFINAC'
AMITSEC,'AMITSEC'
AROMAENT,'AROMAENT'
PUSHPIN,'PUSHPIN'
INDOPACIFIC,'INDOPACIFIC'
ASHUTPM,'ASHUTPM'
SANJIVIN,'SANJIVIN'
VASINFRA,'VASINFRA'
KMFBLDR,'KMFBLDR'
BERYLSE,'BERYLSE'
RAP,'RAP'
DEVINE,'DEVINE'
BAMPSL,'BAMPSL'
GENPHARMA,'GENPHARMA'
INCON,'INCON'
CGCL,'CGCL'
NIMBUSFOO,'NIMBUSFOO'
FDC,'FDC'
GOGIACAP,'GOGIACAP'
GORANIN,'GORANIN'
KGPETRO,'KGPETRO'
MAL,'MAL'
STARCOM,'STARCOM'
COUNCODOS,'COUNCODOS'
OROSMITHS,'OROSMITHS'
STERSPN,'STERSPN'
LINCOPH,'LINCOPH'
SILVOAK,'SILVOAK'
SWORDNSH,'SWORDNSH'
SURAJLTD,'SURAJLTD'
SICL,'SICL'
MARICO,'MARICO'
TOKYOFIN,'TOKYOFIN'
MAHAVIRIND,'MAHAVIRIND'
VAXHS,'VAXHS'
NATGENI,'NATGENI'
THIRDFIN,'THIRDFIN'
TRIJAL,'TRIJAL'
HITTCO,'HITTCO'
YUVRAAJHPL,'YUVRAAJHPL'
SHGOVTR,'SHGOVTR'
VISIONCO,'VISIONCO'
INANISEC,'INANISEC'
ANKIN,'ANKIN'
VAGHANI,'VAGHANI'
ARISINT,'ARISINT'
MAYUR,'MAYUR'
AMARDEE,'AMARDEE'
CATECH,'CATECH'
ADVIKLA,'ADVIKLA'
KGL,'KGL'
PRITHVIEXCH,'PRITHVIEXCH'
KHYATI,'KHYATI'
RAINBOWF,'RAINBOWF'
SUPRDOM,'SUPRDOM'
BLUCHIP,'BLUCHIP'
TRICOMFRU,'TRICOMFRU'
VIDHIING,'VIDHIING'
BHAGCHEM,'BHAGCHEM'
STAMPEDE,'STAMPEDE'
HRBFLOR,'HRBFLOR'
PANCHSHEEL,'PANCHSHEEL'
MENNPIS,'MENNPIS'
PRISMFN,'PRISMFN'
GREENCREST,'GREENCREST'
GENNEX,'GENNEX'
HIRAUTO,'HIRAUTO'
GINISILK,'GINISILK'
PRAENG,'PRAENG'
SUNTECHNO,'SUNTECHNO'
GKCONS,'GKCONS'
APOLLOPIPES,'APOLLOPIPES'
UNJHAFOR,'UNJHAFOR'
POLYMED,'POLYMED'
PFLINFOTC,'PFLINFOTC'
TOWASOK,'TOWASOK'
CISTRO,'CISTRO'
KACHCHH,'KACHCHH'
KACL,'KACL'
KCLINFRA,'KCLINFRA'
ATULAUTO,'ATULAUTO'
SCANPRO,'SCANPRO'
PRERINFRA,'PRERINFRA'
METALCO,'METALCO'
GANGAPA,'GANGAPA'
TIRSARJ,'TIRSARJ'
NUWAY,'NUWAY'
MUNOTHFI,'MUNOTHFI'
RODIUM,'RODIUM'
RCCEMEN,'RCCEMEN'
TODAYS,'TODAYS'
UNISH,'UNISH'
NAGTECH,'NAGTECH'
NATHUEC,'NATHUEC'
INDUSFINL,'INDUSFINL'
LAHOTIOV,'LAHOTIOV'
ZENITHBIR,'ZENITHBIR'
TRINITYLEA,'TRINITYLEA'
ASTAR,'ASTAR'
ORVENPR,'ORVENPR'
JOINDRE,'JOINDRE'
BHARATAGRI,'BHARATAGRI'
UNITINT,'UNITINT'
SACHEMT,'SACHEMT'
POPULARES,'POPULARES'
ANJANIFIN,'ANJANIFIN'
PIONDIST,'PIONDIST'
GMETCOAL,'GMETCOAL'
KWALITY,'KWALITY'
SVAINDIA,'SVAINDIA'
RAHME,'RAHME'
REXNORD,'REXNORD'
INTECH,'INTECH'
KHANDSE,'KHANDSE'
SAWABUSI,'SAWABUSI'
SANGUI,'SANGUI'
CCLINTER,'CCLINTER'
SWAGRUHA,'SWAGRUHA'
MADHUVEER,'MADHUVEER'
GALAGEX,'GALAGEX'
GOPAIST,'GOPAIST'
TWINSTAR,'TWINSTAR'
HINDAPL,'HINDAPL'
MUDITFN,'MUDITFN'
AGARIND,'AGARIND'
DHAMPURE,'DHAMPURE'
SHAQUAK,'SHAQUAK'
GOLCA,'GOLCA'
INNOCORP,'INNOCORP'
SARTHAKIND,'SARTHAKIND'
SAICAPI,'SAICAPI'
CHADPAP,'CHADPAP'
VERTEX,'VERTEX'
RIBATEX,'RIBATEX'
SHREMETAL,'SHREMETAL'
UNICRSE,'UNICRSE'
IITLPROJ,'IITLPROJ'
HARIGOV,'HARIGOV'
TRIDETOOL,'TRIDETOOL'
CHLOGIST,'CHLOGIST'
AMBIKCO,'AMBIKCO'
HINDALUMI,'HINDALUMI'
SENINFO,'SENINFO'
SPECFOOD,'SPECFOOD'
DECPO,'DECPO'
AMRAAGRI,'AMRAAGRI'
AUTOPINS,'AUTOPINS'
ODYCORP,'ODYCORP'
INDCTST,'INDCTST'
SAMINDUS,'SAMINDUS'
SHVFL,'SHVFL'
POOJAENT,'POOJAENT'
GRAVITY,'GRAVITY'
WELLESLEY,'WELLESLEY'
SENBO,'SENBO'
FILATFASH,'FILATFASH'
RBGUPTA,'RBGUPTA'
SOWBHAGYA,'SOWBHAGYA'
SINDHUTRAD,'SINDHUTRAD'
JAINSTUDIO,'JAINSTUDIO'
SAFALHBS,'SAFALHBS'
UNISTRMU,'UNISTRMU'
EMMSONS,'EMMSONS'
ZENOTECH,'ZENOTECH'
FRONTCORP,'FRONTCORP'
SWELECTES,'SWELECTES'
WALLFORT,'WALLFORT'
KDDL,'KDDL'
ADIEXRE,'ADIEXRE'
ABHICAP,'ABHICAP'
KILPEST,'KILPEST'
SUPRBPA,'SUPRBPA'
INTERDIGI,'INTERDIGI'
MONNETIN,'MONNETIN'
KSERASERA,'KSERASERA'
SHKALYN,'SHKALYN'
VANDANA,'VANDANA'
SAGARPROD,'SAGARPROD'
MUKANDENGG,'MUKANDENGG'
INDOCITY,'INDOCITY'
SBECSUG,'SBECSUG'
MEGFI,'MEGFI'
BRIJLEAS,'BRIJLEAS'
AREALTY,'AREALTY'
DENABANK,'DENABANK'
BSELINFRA,'BSELINFRA'
RELIABVEN,'RELIABVEN'
HEXAWARE,'HEXAWARE'
BANKBARODA,'BANKBARODA'
GTEIT,'GTEIT'
MOHITE,'MOHITE'
ANDHRACEMT,'ANDHRACEMT'
SKMEGGPROD,'SKMEGGPROD'
WELCORP,'WELCORP'
HOTLSILV,'HOTLSILV'
BANKINDIA,'BANKINDIA'
INDRAMEDCO,'INDRAMEDCO'
SUNSHINE,'SUNSHINE'
GAIL,'GAIL'
VAIBHAVGBL,'VAIBHAVGBL'
TRESCON,'TRESCON'
GUJSTATFIN,'GUJSTATFIN'
JKPAPER,'JKPAPER'
SAREGAMA,'SAREGAMA'
MINOLTAF,'MINOLTAF'
ALKASEC,'ALKASEC'
OMKARPH,'OMKARPH'
ADROITINFO,'ADROITINFO'
CYBERTECH,'CYBERTECH'
ICICIBANK,'ICICIBANK'
CYIENT,'CYIENT'
ENGINERSIN,'ENGINERSIN'
CORPBANK,'CORPBANK'
DHANBANK,'DHANBANK'
GMDCLTD,'GMDCLTD'
GAYATRI,'GAYATRI'
INDUSINDBK,'INDUSINDBK'
ITDC,'ITDC'
J&amp;KBANK,'J&amp;KBANK'
CUB,'CUB'
ARCHIES,'ARCHIES'
AXISBANK,'AXISBANK'
HBSTOCK,'HBSTOCK'
SIELFNS,'SIELFNS'
SOUTHBANK,'SOUTHBANK'
ENERGYDEV,'ENERGYDEV'
SONATSOFTW,'SONATSOFTW'
BENGALT,'BENGALT'
NATIONALUM,'NATIONALUM'
INDNIPPON,'INDNIPPON'
NSIL,'NSIL'
APARINDS,'APARINDS'
TCIIND,'TCIIND'
ACCELYA,'ACCELYA'
CYBERMAT,'CYBERMAT'
LANDMARC,'LANDMARC'
SYNDIBANK,'SYNDIBANK'
HCLTECH,'HCLTECH'
CASTEXTECH,'CASTEXTECH'
TCFCFINQ,'TCFCFINQ'
GEOJITFSL,'GEOJITFSL'
JINDALSTEL,'JINDALSTEL'
BLBLIMITED,'BLBLIMITED'
GLENMARK,'GLENMARK'
WOCKPHARMA,'WOCKPHARMA'
TATACOFFEE,'TATACOFFEE'
KJMCCORP,'KJMCCORP'
INDSWFTLAB,'INDSWFTLAB'
MELSTAR,'MELSTAR'
GEPIL,'GEPIL'
SHREERAMA,'SHREERAMA'
MAHLIFE,'MAHLIFE'
SKUMAR,'SKUMAR'
GEMINI,'GEMINI'
VAARAD,'VAARAD'
CADILAHC,'CADILAHC'
SHIVACEM,'SHIVACEM'
CINEVISTA,'CINEVISTA'
INTENTECH,'INTENTECH'
DANLAW,'DANLAW'
BIOPAC,'BIOPAC'
AJANTPHARM,'AJANTPHARM'
CURATECH,'CURATECH'
HBPOR,'HBPOR'
HBESD,'HBESD'
BARONINF,'BARONINF'
COMPUSOFT,'COMPUSOFT'
OMNIAX,'OMNIAX'
IZMO,'IZMO'
COMMEXTECH,'COMMEXTECH'
TVSMOTOR,'TVSMOTOR'
SOFTSOL,'SOFTSOL'
GATI,'GATI'
SUBEX,'SUBEX'
TCI,'TCI'
PADMALAYAT,'PADMALAYAT'
AKSHOPTFBR,'AKSHOPTFBR'
VIRGOGLOB,'VIRGOGLOB'
PICTUREHS,'PICTUREHS'
TRIVENI,'TRIVENI'
MUKTAARTS,'MUKTAARTS'
HITKITGLO,'HITKITGLO'
NAGPI,'NAGPI'
DSSL,'DSSL'
PNBGILTS,'PNBGILTS'
BCG,'BCG'
RAMCOIND,'RAMCOIND'
RAMCOSYS,'RAMCOSYS'
TTML,'TTML'
VIRINCHI,'VIRINCHI'
WEPSOLN,'WEPSOLN'
STRTECH,'STRTECH'
TIPSINDLTD,'TIPSINDLTD'
MRO-TEK,'MRO-TEK'
UNIVARTS,'UNIVARTS'
FIRSTOBJ,'FIRSTOBJ'
BABA,'BABA'
BALAJITELE,'BALAJITELE'
TYCHE,'TYCHE'
CALSOFT,'CALSOFT'
PNC,'PNC'
IOB,'IOB'
TAJGVK,'TAJGVK'
OPTOCIRCUI,'OPTOCIRCUI'
CREATIVEYE,'CREATIVEYE'
AXISCADES,'AXISCADES'
ARMSPAPER,'ARMSPAPER'
UMESLTD,'UMESLTD'
KPIT,'KPIT'
VIJAYABANK,'VIJAYABANK'
USGTECH,'USGTECH'
4THGEN,'4THGEN'
7TEC,'7TEC'
AVANTEL,'AVANTEL'
MOSCHIP,'MOSCHIP'
MEGASOFT,'MEGASOFT'
TRANSCOR,'TRANSCOR'
VISESHINFO,'VISESHINFO'
CEREBRAINT,'CEREBRAINT'
NEXTMEDIA,'NEXTMEDIA'
ANDHRABANK,'ANDHRABANK'
SMARTLINK,'SMARTLINK'
GODREJCP,'GODREJCP'
GULCHEM,'GULCHEM'
BFUTILITIE,'BFUTILITIE'
UNITDSPR,'UNITDSPR'
SANINFRA,'SANINFRA'
OLECTRA,'OLECTRA'
MPSLTD,'MPSLTD'
RAINBOWDQ,'RAINBOWDQ'
CERA,'CERA'
TSPIRITUAL,'TSPIRITUAL'
BHARTIARTL,'BHARTIARTL'
SHALIWIR,'SHALIWIR'
COMPUAGE,'COMPUAGE'
GULPOLY,'GULPOLY'
AUNDEFAZE,'AUNDEFAZE'
PONNIERODE,'PONNIERODE'
PNB,'PNB'
OFSS,'OFSS'
HAZOOR,'HAZOOR'
KAMAHOLD,'KAMAHOLD'
MPFSL,'MPFSL'
APTECHT,'APTECHT'
UNIONBANK,'UNIONBANK'
UBL,'UBL'
ISMTLTD,'ISMTLTD'
ALBK,'ALBK'
NOIDATOLL,'NOIDATOLL'
GRANULES,'GRANULES'
CANBK,'CANBK'
BLIL,'BLIL'
POKARNA,'POKARNA'
DIVISLAB,'DIVISLAB'
ASTRAMICRO,'ASTRAMICRO'
RADICO,'RADICO'
SHRIRAMCIT,'SHRIRAMCIT'
MARUTI,'MARUTI'
RAJPALAYAM,'RAJPALAYAM'
NAVINFLUOR,'NAVINFLUOR'
UCOBANK,'UCOBANK'
BAGFILMS,'BAGFILMS'
JSL,'JSL'
SUPRAJIT,'SUPRAJIT'
EXCELCROP,'EXCELCROP'
TVSELECT,'TVSELECT'
IGL,'IGL'
TVTODAY,'TVTODAY'
FLORENCE,'FLORENCE'
PALRED,'PALRED'
PETRONET,'PETRONET'
BIOCON,'BIOCON'
PTC,'PTC'
MAHABANK,'MAHABANK'
RKFORGE,'RKFORGE'
DATAMATICS,'DATAMATICS'
NDTV,'NDTV'
STAR,'STAR'
JPASSOCIAT,'JPASSOCIAT'
ULTRACEMCO,'ULTRACEMCO'
MINDAIND,'MINDAIND'
TCS,'TCS'
NIITTECH,'NIITTECH'
GULFPETRO,'GULFPETRO'
CENTURYPLY,'CENTURYPLY'
WELENT,'WELENT'
NTPC,'NTPC'
SALSTEEL,'SALSTEEL'
JBMA,'JBMA'
BHARATIDIL,'BHARATIDIL'
DWARKESH,'DWARKESH'
INDOCO,'INDOCO'
VIPCLOTHNG,'VIPCLOTHNG'
IMPEXFERRO,'IMPEXFERRO'
XCHANGING,'XCHANGING'
JETAIRWAYS,'JETAIRWAYS'
MORARJEE,'MORARJEE'
GDL,'GDL'
NRINTER,'NRINTER'
JINDALPHOT,'JINDALPHOT'
PONDYOXIDE,'PONDYOXIDE'
JPPOWER,'JPPOWER'
3IINFOTECH,'3IINFOTECH'
MBECL,'MBECL'
GOKEX,'GOKEX'
ALLSEC,'ALLSEC'
IIFL,'IIFL'
MANGALAM,'MANGALAM'
SHOPERSTOP,'SHOPERSTOP'
CYBERMEDIA,'CYBERMEDIA'
NDL,'NDL'
JSWHL,'JSWHL'
SGFL,'SGFL'
JKCEMENT,'JKCEMENT'
BEEYU,'BEEYU'
UNIPLY,'UNIPLY'
PROVOGE,'PROVOGE'
YESBANK,'YESBANK'
NECLIFE,'NECLIFE'
MSPL,'MSPL'
SPLIL,'SPLIL'
KTKBANK,'KTKBANK'
MCLEODRUSS*,'MCLEODRUSS*'
FACORALL,'FACORALL'
EON,'EON'
IDFC,'IDFC'
VIVIMEDLAB,'VIVIMEDLAB'
RML,'RML'
HTMEDIA,'HTMEDIA'
SASKEN,'SASKEN'
RAJVIR,'RAJVIR'
FCSSOFT,'FCSSOFT'
SUZLON,'SUZLON'
AURIONPRO,'AURIONPRO'
SBTL,'SBTL'
RENUKA,'RENUKA'
KMSUGAR,'KMSUGAR'
BASML,'BASML'
PBAINFRA,'PBAINFRA'
BRFL,'BRFL'
SORILINFRA,'SORILINFRA'
ABGSHIP,'ABGSHIP'
AIAENG,'AIAENG'
EKC,'EKC'
KERNEX,'KERNEX'
REPRO,'REPRO'
PVR,'PVR'
RAMSARUP,'RAMSARUP'
RMCL,'RMCL'
PUNJLLOYD,'PUNJLLOYD'
BARTRONICS,'BARTRONICS'
CELEBRITY,'CELEBRITY'
EDUCOMP,'EDUCOMP'
NITINSPIN,'NITINSPIN'
ROHLTD,'ROHLTD'
ENIL,'ENIL'
CELLA,'CELLA'
GSPL,'GSPL'
JAGRAN,'JAGRAN'
INOXLEISUR,'INOXLEISUR'
DYNPRO,'DYNPRO'
GVKPIL,'GVKPIL'
SADBHAV,'SADBHAV'
SUNILHITEC,'SUNILHITEC'
RCOM,'RCOM'
SAKUMA,'SAKUMA'
KEC,'KEC'
GILLANDERS,'GILLANDERS'
INDOTECH,'INDOTECH'
BLKASHYAP,'BLKASHYAP'
M&amp;MFIN,'M&amp;MFIN'
VISASTEEL,'VISASTEEL'
NITCO,'NITCO'
MONNETPRO,'MONNETPRO'
SOLARINDS,'SOLARINDS'
GALLANTT,'GALLANTT'
ADHUNIK,'ADHUNIK'
MALUPAPER,'MALUPAPER'
UTTAMSUGAR,'UTTAMSUGAR'
SGL,'SGL'
ROHITFERRO,'ROHITFERRO'
KKCL,'KKCL'
SUNTV,'SUNTV'
GPIL,'GPIL'
RSYSTEMINT,'RSYSTEMINT'
EMKAY,'EMKAY'
TANTIACONS,'TANTIACONS'
LOKESHMACH,'LOKESHMACH'
KAMDHENU,'KAMDHENU'
PAUSHAKLTD,'PAUSHAKLTD'
GTNTEX,'GTNTEX'
INDICAP,'INDICAP'
UNITY,'UNITY'
PFOCUS,'PFOCUS'
ALLCARGO,'ALLCARGO'
EASUNREYRL,'EASUNREYRL'
GMRINFRA,'GMRINFRA'
TECHM,'TECHM'
MAHINDCIE,'MAHINDCIE'
VOLTAMP,'VOLTAMP'
ATLANTA,'ATLANTA'
DEEPIND,'DEEPIND'
HOVS,'HOVS'
ACE,'ACE'
GEECEE,'GEECEE'
USHERAGRO,'USHERAGRO'
RICHAIND,'RICHAIND'
GAYAPROJ,'GAYAPROJ'
FIEMIND,'FIEMIND'
JHS,'JHS'
DCBBANK,'DCBBANK'
GLOBALVECT,'GLOBALVECT'
INSPIRISYS,'INSPIRISYS'
GTLINFRA,'GTLINFRA'
SHIVAMAUTO,'SHIVAMAUTO'
NAUKRI,'NAUKRI'
TORNTPOWER,'TORNTPOWER'
PARSVNATH,'PARSVNATH'
SUTLEJTEX,'SUTLEJTEX'
DAAWAT,'DAAWAT'
SOBHA,'SOBHA'
RUCHIRA,'RUCHIRA'
ESSDEE,'ESSDEE'
XLENERGY,'XLENERGY'
TANLA,'TANLA'
ZEEMEDIA,'ZEEMEDIA'
SITINET,'SITINET'
LUMAXTECH,'LUMAXTECH'
AUTOIND,'AUTOIND'
NETWORK18,'NETWORK18'
HUBTOWN,'HUBTOWN'
TV18BRDCST,'TV18BRDCST'
CTE,'CTE'
NATCOBBPH,'NATCOBBPH'
TIIL,'TIIL'
REDINGTON,'REDINGTON'
AICHAMP,'AICHAMP'
CINELINE,'CINELINE'
PGIL,'PGIL'
FSL,'FSL'
PFC,'PFC'
AHLUCONT,'AHLUCONT'
TFL,'TFL'
CANDC,'CANDC'
INDIANB,'INDIANB'
SMSPHARMA,'SMSPHARMA'
ORIENTALTL,'ORIENTALTL'
MINDTREE,'MINDTREE'
ELAND,'ELAND'
IDEA,'IDEA'
EUROCERA,'EUROCERA'
JAGJANANI,'JAGJANANI'
RAJTV,'RAJTV'
PAGEIND,'PAGEIND'
AMDIND,'AMDIND'
LEHAR,'LEHAR'
ASTRAL,'ASTRAL'
IBREALEST,'IBREALEST'
CAMLINFINE,'CAMLINFINE'
ICRA,'ICRA'
DISHTV,'DISHTV'
SAHYADRI,'SAHYADRI'
SRHHYPOLTD,'SRHHYPOLTD'
FORTIS,'FORTIS'
TGBHOTELS,'TGBHOTELS'
HILTON,'HILTON'
DELTACORP,'DELTACORP'
MIC,'MIC'
INSECTICID,'INSECTICID'
MCDHOLDING,'MCDHOLDING'
ASAHISONG,'ASAHISONG'
NITINFIRE,'NITINFIRE'
HARYNACAP,'HARYNACAP'
TIMETECHNO,'TIMETECHNO'
HGS,'HGS'
NELCAST,'NELCAST'
MEGH,'MEGH'
QUINTEGRA,'QUINTEGRA'
V2RETAIL,'V2RETAIL'
DLF,'DLF'
TARMAT,'TARMAT'
ANKITMETAL,'ANKITMETAL'
CELESTIAL,'CELESTIAL'
SPARC,'SPARC'
HDIL,'HDIL'
SURYACHAKRA,'SURYACHAKRA'
ADSL,'ADSL'
ALPA,'ALPA'
SSLEL,'SSLEL'
OMAXE,'OMAXE'
REFEX,'REFEX'
CENTRALBK,'CENTRALBK'
SELMCL,'SELMCL'
NTL,'NTL'
ASIANTILES,'ASIANTILES'
KPRMILL,'KPRMILL'
TAKE,'TAKE'
PURVA,'PURVA'
MOTILALOFS,'MOTILALOFS'
VTMLTD,'VTMLTD'
INDOWIND,'INDOWIND'
NAGREEKCAP,'NAGREEKCAP'
MAGNUM,'MAGNUM'
POWERGRID,'POWERGRID'
KSCL,'KSCL'
PAISALO,'PAISALO'
CCCL,'CCCL'
SUPREMEINF,'SUPREMEINF'
MAANALU,'MAANALU'
IL&amp;FSENGG,'IL&amp;FSENGG'
SHARONBIO,'SHARONBIO'
PARLESOFT,'PARLESOFT'
ARCOTECH,'ARCOTECH'
RELIGARE,'RELIGARE'
BVCL,'BVCL'
RATHIBAR,'RATHIBAR'
ACIASIA,'ACIASIA'
EDL,'EDL'
ADANIPORTS,'ADANIPORTS'
EDELWEISS,'EDELWEISS'
RJL,'RJL'
KOLTEPATIL,'KOLTEPATIL'
KAUSHALYA,'KAUSHALYA'
JYOTHYLAB,'JYOTHYLAB'
ECLERX,'ECLERX'
TRIL,'TRIL'
BRIGADE,'BRIGADE'
BGRENERGY,'BGRENERGY'
BURNPUR,'BURNPUR'
MANAKSIA,'MANAKSIA'
PORWAL,'PORWAL'
PPAP,'PPAP'
ARIES,'ARIES'
KUANTUM,'KUANTUM'
RPOWER,'RPOWER'
JKIL,'JKIL'
CORDSCABLE,'CORDSCABLE'
KNRCON,'KNRCON'
ONMOBILE,'ONMOBILE'
SHRIRAMEPC,'SHRIRAMEPC'
BANG,'BANG'
IRB,'IRB'
GSS,'GSS'
NAHARCAP,'NAHARCAP'
VGUARD,'VGUARD'
RECLTD,'RECLTD'
GOKAKTEX,'GOKAKTEX'
GAMMNINFRA,'GAMMNINFRA'
IBVENTURES,'IBVENTURES'
SITASHREE,'SITASHREE'
TWL,'TWL'
KIRIINDUS,'KIRIINDUS'
SANKHYAIN,'SANKHYAIN'
BIRLAMONEY,'BIRLAMONEY'
AISHWARYA,'AISHWARYA'
JAIBALAJI,'JAIBALAJI'
BAJAJ-AUTO,'BAJAJ-AUTO'
BAJAJFINSV,'BAJAJFINSV'
PIRPHYTO,'PIRPHYTO'
GOKUL,'GOKUL'
RPGLIFE,'RPGLIFE'
KTKSENSEX,'KTKSENSEX'
NIRAJ,'NIRAJ'
RBL,'RBL'
RANEENGINE,'RANEENGINE'
BAFNAPHARM,'BAFNAPHARM'
METKORE,'METKORE'
MVL,'MVL'
CHLLTD,'CHLLTD'
ARCHIDPLY,'ARCHIDPLY'
KSK,'KSK'
LEHIL,'LEHIL'
SOMICONV,'SOMICONV'
BIRLACOT,'BIRLACOT'
OISL,'OISL'
LPDC,'LPDC'
SICAGEN,'SICAGEN'
NUTEK,'NUTEK'
SIMPLXMIL,'SIMPLXMIL'
SIMPLXPAP,'SIMPLXPAP'
20MICRONS,'20MICRONS'
WABCOINDIA,'WABCOINDIA'
ALKALI,'ALKALI'
ISGEC,'ISGEC'
IMFA,'IMFA'
GISOLUTION,'GISOLUTION'
VEDAVAAG,'VEDAVAAG'
ARROWTEX,'ARROWTEX'
MANJEERA,'MANJEERA'
MOLDTKPAC,'MOLDTKPAC'
MHRIL,'MHRIL'
EXCEL,'EXCEL'
BENGALASM,'BENGALASM'
ADANIPOWER,'ADANIPOWER'
NHPC,'NHPC'
SURYAAMBA,'SURYAAMBA'
JINDCOT,'JINDCOT'
GLOBUSSPR,'GLOBUSSPR'
OIL,'OIL'
RNAVAL,'RNAVAL'
BTTL,'BTTL'
EUROMULTI,'EUROMULTI'
SPSL,'SPSL'
SQSBFSI,'SQSBFSI'
RTNPOWER,'RTNPOWER'
DEN,'DEN'
ASTEC,'ASTEC'
COX&amp;KINGS,'COX&amp;KINGS'
DLINKINDIA,'DLINKINDIA'
JSWENERGY,'JSWENERGY'
ESSARSEC,'ESSARSEC'
GODREJPROP,'GODREJPROP'
DBCORP,'DBCORP'
MBLINFRA,'MBLINFRA'
JUBLFOOD,'JUBLFOOD'
VASCONEQ,'VASCONEQ'
SYNCOM,'SYNCOM'
THANGAMAYL,'THANGAMAYL'
DBREALTY,'DBREALTY'
EMMBI,'EMMBI'
HATHWAY,'HATHWAY'
ARSSINFRA,'ARSSINFRA'
TEXMOPIPES,'TEXMOPIPES'
SUNDARAM,'SUNDARAM'
COROENGG,'COROENGG'
ROSSELLIND,'ROSSELLIND'
MANINFRA,'MANINFRA'
TAMBOLI,'TAMBOLI'
UNITEDBNK,'UNITEDBNK'
DQE,'DQE'
IL&amp;FSTRANS,'IL&amp;FSTRANS'
PRADIP,'PRADIP'
PERSISTENT,'PERSISTENT'
ISFT,'ISFT'
GOENKA,'GOENKA'
KCPSUGIND,'KCPSUGIND'
KECL,'KECL'
TALWALKARS,'TALWALKARS'
NITESHEST,'NITESHEST'
TARAPUR,'TARAPUR'
MANDHANA,'MANDHANA'
SJVN,'SJVN'
JPINFRATEC,'JPINFRATEC'
EMAMIPAP,'EMAMIPAP'
KRITINUT,'KRITINUT'
PARABDRUGS,'PARABDRUGS'
GKB,'GKB'
FRONTSEC,'FRONTSEC'
TECHNOFAB,'TECHNOFAB'
HMVL,'HMVL'
EMAMIREAL,'EMAMIREAL'
AHLWEST,'AHLWEST'
AHLEAST,'AHLEAST'
BHARATFIN,'BHARATFIN'
BAJAJCON,'BAJAJCON'
PRAKASHSTL,'PRAKASHSTL'
GPPL,'GPPL'
WELINV,'WELINV'
INDOSOLAR,'INDOSOLAR'
SASTASUNDR,'SASTASUNDR'
CAREERP,'CAREERP'
EROSMEDIA,'EROSMEDIA'
RAMKY,'RAMKY'
GREENPOWER,'GREENPOWER'
GALLISPAT,'GALLISPAT'
CANTABIL,'CANTABIL'
SEATV,'SEATV'
WABAG,'WABAG'
BEDMUTHA,'BEDMUTHA'
ASHOKA,'ASHOKA'
CEBBCO,'CEBBCO'
OBEROIRLTY,'OBEROIRLTY'
PRESTIGE,'PRESTIGE'
GAL,'GAL'
COALINDIA,'COALINDIA'
GRAVITA,'GRAVITA'
RPPINFRA,'RPPINFRA'
RDBRIL,'RDBRIL'
MOIL,'MOIL'
ZEELEARN,'ZEELEARN'
KTIL,'KTIL'
A2ZINFRA,'A2ZINFRA'
KIRLOSENG,'KIRLOSENG'
RKDL,'RKDL'
PSB,'PSB'
FMNL,'FMNL'
SURANASOL,'SURANASOL'
SPYL,'SPYL'
KICL,'KICL'
BFINVEST,'BFINVEST'
SUMMITSEC,'SUMMITSEC'
MIDVAL,'MIDVAL'
INOVSYNTH,'INOVSYNTH'
STEL,'STEL'
OMKARCHEM,'OMKARCHEM'
JUBLINDS,'JUBLINDS'
BILENERGY,'BILENERGY'
TEXRAIL,'TEXRAIL'
INDTERRAIN,'INDTERRAIN'
FCL,'FCL'
DHUNINV,'DHUNINV'
ZENTEC,'ZENTEC'
LOVABLE,'LOVABLE'
PFS,'PFS'
SHILPI,'SHILPI'
TCIDEVELOP,'TCIDEVELOP'
MUTHOOTFIN,'MUTHOOTFIN'
FCONSUMER,'FCONSUMER'
CNOVAPETRO,'CNOVAPETRO'
SANGHVIFOR,'SANGHVIFOR'
VMS,'VMS'
KARMAENG,'KARMAENG'
WEIZFOREX,'WEIZFOREX'
RUSHIL,'RUSHIL'
ENKEIWHEL,'ENKEIWHEL'
KRIINFRA,'KRIINFRA'
BGLOBAL,'BGLOBAL'
INVENTURE,'INVENTURE'
L&amp;TFH,'L&amp;TFH'
IBULISL,'IBULISL'
TREEHOUSE,'TREEHOUSE'
BROOKS,'BROOKS'
RUPA,'RUPA'
TDPOWERSYS*,'TDPOWERSYS*'
SRSLTD,'SRSLTD'
APLLTD,'APLLTD'
VASWANI,'VASWANI'
PGEL,'PGEL'
LESHAIND,'LESHAIND'
PRAKASHCON,'PRAKASHCON'
RDBRL,'RDBRL'
TIJARIA,'TIJARIA'
ONELIFECAP,'ONELIFECAP'
FLEXITUFF,'FLEXITUFF'
UJAAS,'UJAAS'
TRITURBINE,'TRITURBINE'
INDOTHAI,'INDOTHAI'
ESSARSHPNG,'ESSARSHPNG'
APLAPOLLO,'APLAPOLLO'
GPTINFRA,'GPTINFRA'
FERVENTSYN,'FERVENTSYN'
THOMASCOTT,'THOMASCOTT'
TERASOFT,'TERASOFT'
PMCFIN,'PMCFIN'
FUTSOL,'FUTSOL'
AIML,'AIML'
ORIENTREF,'ORIENTREF'
MCX,'MCX'
PYXISFIN,'PYXISFIN'
SCHNEIDER,'SCHNEIDER'
NAGAROIL,'NAGAROIL'
OLPCL,'OLPCL'
NBCC,'NBCC'
MTEDUCARE,'MTEDUCARE'
HEXATRADEX,'HEXATRADEX'
MAXHEIGHTS,'MAXHEIGHTS'
TBZ,'TBZ'
VSSL,'VSSL'
LOOKS,'LOOKS'
SPECIALITY,'SPECIALITY'
LYPSAGEMS,'LYPSAGEMS'
BGPL,'BGPL'
RTNINFRA,'RTNINFRA'
SEPOWER,'SEPOWER'
JTLINFRA,'JTLINFRA'
AMTL,'AMTL'
NECCLTD,'NECCLTD'
SAREL,'SAREL'
JUPITERIN,'JUPITERIN'
VINAYAKPOL,'VINAYAKPOL'
JOINTECAED,'JOINTECAED'
DUCON,'DUCON'
PROZONINTU,'PROZONINTU'
SRGHFL,'SRGHFL'
LAKSHVILAS,'LAKSHVILAS'
COMCL,'COMCL'
ADITRI,'ADITRI'
RCRL,'RCRL'
BITL,'BITL'
INTELLADV,'INTELLADV'
SUPREMEX,'SUPREMEX'
RMCHEM,'RMCHEM'
VIRTUALG,'VIRTUALG'
ZUARI,'ZUARI'
STEELXIND,'STEELXIND'
TRIOMERC,'TRIOMERC'
TARAJEWELS,'TARAJEWELS'
FOCUSIRL,'FOCUSIRL'
CIGNITI,'CIGNITI'
PANKAJPOLY,'PANKAJPOLY'
CARERATING,'CARERATING'
PCJEWELLER,'PCJEWELLER'
INFRATEL,'INFRATEL'
EFPL,'EFPL'
COVIDH,'COVIDH'
EBFL,'EBFL'
VMART,'VMART'
KFL,'KFL'
SRDL,'SRDL'
CNEL,'CNEL'
MUKTA,'MUKTA'
MYSTICELE,'MYSTICELE'
HPCBL,'HPCBL'
COMFINCAP,'COMFINCAP'
SBISENSEX,'SBISENSEX'
BMAL,'BMAL'
REPCOHOME,'REPCOHOME'
LAKHOTIA,'LAKHOTIA'
GCMSECU,'GCMSECU'
NIBL,'NIBL'
AIFL,'AIFL'
PRIMECAPM,'PRIMECAPM'
KIFS,'KIFS'
SREEL,'SREEL'
SHARDA,'SHARDA'
BINNYMILLS,'BINNYMILLS'
SVGLOBAL,'SVGLOBAL'
OTML,'OTML'
JUSTDIAL,'JUSTDIAL'
OONE,'OONE'
PAWANSUT,'PAWANSUT'
IFINSEC,'IFINSEC'
BRAHMINFRA,'BRAHMINFRA'
EDSL,'EDSL'
QUEST,'QUEST'
KHOOBSURAT,'KHOOBSURAT'
ORIENTCEM,'ORIENTCEM'
ABFRL,'ABFRL'
IBULHSGFIN,'IBULHSGFIN'
MMLF,'MMLF'
ALSL,'ALSL'
GCMCOMM,'GCMCOMM'
INTEGRA,'INTEGRA'
VKJINFRA,'VKJINFRA'
KUSHAL,'KUSHAL'
TIGERLOGS,'TIGERLOGS'
RJBIOTECH,'RJBIOTECH'
JK AGRI,'JK AGRI'
FLFL,'FLFL'
TRIMURTHI,'TRIMURTHI'
SKFL,'SKFL'
NEWEVER,'NEWEVER'
PVVINFRA,'PVVINFRA'
VCU,'VCU'
INDRENEW,'INDRENEW'
SRGSFL,'SRGSFL'
ACFSL,'ACFSL'
STELLAR,'STELLAR'
FIVEXTRADE,'FIVEXTRADE'
JPOLYINVST,'JPOLYINVST'
SRSFIN,'SRSFIN'
YURANUS,'YURANUS'
INTELSOFT,'INTELSOFT'
M100,'M100'
BPCAP,'BPCAP'
CPL,'CPL'
ICICINIFTY,'ICICINIFTY'
ICICINF100,'ICICINF100'
ARNOLD,'ARNOLD'
MODEX,'MODEX'
SUNLOC,'SUNLOC'
RCIIND,'RCIIND'
SUYOG,'SUYOG'
NATHBIOGEN,'NATHBIOGEN'
AGRITECH,'AGRITECH'
CHEMTECH,'CHEMTECH'
TAAZAINT,'TAAZAINT'
RELCNX100,'RELCNX100'
AGRIMONY,'AGRIMONY'
VIAANINDUS,'VIAANINDUS'
DENISCHEM,'DENISCHEM'
POLYMAC,'POLYMAC'
UNISHIRE,'UNISHIRE'
LPNAVAL,'LPNAVAL'
ETT,'ETT'
KOTAKNIFTY,'KOTAKNIFTY'
KIRANVYPAR,'KIRANVYPAR'
BCP,'BCP'
KCSL,'KCSL'
ANISHAIMPEX,'ANISHAIMPEX'
MANGIND,'MANGIND'
VFL,'VFL'
NEGOTIUM,'NEGOTIUM'
PHOENIXTN,'PHOENIXTN'
RAUNAQEPC,'RAUNAQEPC'
IPRU2296,'IPRU2296'
IPRU8496,'IPRU8496'
INFRONICS,'INFRONICS'
OBIL,'OBIL'
CPSEETF,'CPSEETF'
HARIAAPL,'HARIAAPL'
JOONKTOLL,'JOONKTOLL'
RNBDENIMS,'RNBDENIMS'
WOMENSNEXT,'WOMENSNEXT'
GOLDLINE,'GOLDLINE'
WONDERLA,'WONDERLA'
RESPONSINF,'RESPONSINF'
IPRU2365,'IPRU2365'
IPRU2366,'IPRU2366'
IPRU8565,'IPRU8565'
IPRU8566,'IPRU8566'
GCMCAPI,'GCMCAPI'
AFEL,'AFEL'
BCPAL,'BCPAL'
ADHUNIKIND,'ADHUNIKIND'
WESTLEIRES,'WESTLEIRES'
NAM,'NAM'
METSL,'METSL'
SPS,'SPS'
RCLEDIIADD,'RCLEDIIADD'
RCLEDIIADG,'RCLEDIIADG'
RCLENDIIAD,'RCLENDIIAD'
RCLENDIIAG,'RCLENDIIAG'
JACKSON,'JACKSON'
ALPSMOTOR,'ALPSMOTOR'
DIVINUS,'DIVINUS'
CCFCL,'CCFCL'
DHANUKACOM,'DHANUKACOM'
WORTH,'WORTH'
TPROJECT,'TPROJECT'
AMARSEC,'AMARSEC'
CTL,'CTL'
TARINI,'TARINI'
IPRU2401,'IPRU2401'
IPRU8601,'IPRU8601'
CROWNTOURS,'CROWNTOURS'
OMANSH,'OMANSH'
JTAPARIA,'JTAPARIA'
RLFL,'RLFL'
INCEPTUM,'INCEPTUM'
GOLDCOINHF,'GOLDCOINHF'
BRPL,'BRPL'
OASIS,'OASIS'
ARMAN,'ARMAN'
SAIBABA,'SAIBABA'
SKIPPER,'SKIPPER'
ADARSH,'ADARSH'
JAMESWARREN,'JAMESWARREN'
VISTARAMAR,'VISTARAMAR'
APOLLOTRI,'APOLLOTRI'
GULFOILLUB,'GULFOILLUB'
FRUTION,'FRUTION'
TRIVENIENT,'TRIVENIENT'
ACHAL,'ACHAL'
SOLISMAR,'SOLISMAR'
BHANDERI,'BHANDERI'
IPRU2428,'IPRU2428'
IPRU8628,'IPRU8628'
TRIVIKRAMA,'TRIVIKRAMA'
QUANTBUILD,'QUANTBUILD'
TTIENT,'TTIENT'
VISHAL,'VISHAL'
TOYAMIND,'TOYAMIND'
DWITIYA,'DWITIYA'
GAJANANSEC,'GAJANANSEC'
UNISON,'UNISON'
RTFL,'RTFL'
VRL,'VRL'
SNOWMAN,'SNOWMAN'
PURSHOTTAM,'PURSHOTTAM'
IPRU2487,'IPRU2487'
IPRU2488,'IPRU2488'
IPRU8687,'IPRU8687'
IPRU8688,'IPRU8688'
HCLTD,'HCLTD'
EML,'EML'
SHARDACROP,'SHARDACROP'
SIROHIA,'SIROHIA'
NAYSAA,'NAYSAA'
CITYONLINE,'CITYONLINE'
RELSENSEX,'RELSENSEX'
ENCASH,'ENCASH'
SHEMAROO,'SHEMAROO'
ULTRACAB,'ULTRACAB'
RCCL,'RCCL'
ETIL,'ETIL'
SEOFIGR,'SEOFIGR'
SEOFIDR,'SEOFIDR'
SEOFIGD,'SEOFIGD'
SEOFIDD,'SEOFIDD'
ATISHAY,'ATISHAY'
SUCHITRA,'SUCHITRA'
DHABRIYA,'DHABRIYA'
ARYACAPM,'ARYACAPM'
IPRU2511,'IPRU2511'
IPRU8711,'IPRU8711'
PDSMFL,'PDSMFL'
POWERGYM,'POWERGYM'
VGCL,'VGCL'
STARLIT,'STARLIT'
CEINSYSTECH,'CEINSYSTECH'
PANACHE,'PANACHE'
MUDUNURU,'MUDUNURU'
JSHL,'JSHL'
CRANEINFRA,'CRANEINFRA'
NIYOGIN,'NIYOGIN'
ASIACAP,'ASIACAP'
AKASHDEEP,'AKASHDEEP'
CIL,'CIL'
GBFL,'GBFL'
GILADAFINS,'GILADAFINS'
BUDGE BUDGE,'BUDGE BUDGE'
JETINFRA,'JETINFRA'
SAPPL,'SAPPL'
D3YRCEERG,'D3YRCEERG'
D3YRCEERDP,'D3YRCEERDP'
D3YRCEEDG,'D3YRCEEDG'
D3YRCEEDDP,'D3YRCEEDDP'
AANCHALISP,'AANCHALISP'
CAPPIPES,'CAPPIPES'
ANUBHAV,'ANUBHAV'
MEL,'MEL'
INTELLECT,'INTELLECT'
MONTECARLO,'MONTECARLO'
JSTL,'JSTL'
ICL,'ICL'
CAMSONBIO,'CAMSONBIO'
PANAFIC,'PANAFIC'
AMSONS,'AMSONS'
MYMONEY,'MYMONEY'
AMARNATH,'AMARNATH'
CSL,'CSL'
NEXUSCOMMO,'NEXUSCOMMO'
SELLWIN,'SELLWIN'
GALADAFIN,'GALADAFIN'
EMERALD,'EMERALD'
MKEXIM,'MKEXIM'
SIPROJECTS,'SIPROJECTS'
OCTAL,'OCTAL'
MIHIKA,'MIHIKA'
KANCHI,'KANCHI'
SHRINIWAS,'SHRINIWAS'
DHUNTEAIND,'DHUNTEAIND'
VANICOM,'VANICOM'
SKILVEN,'SKILVEN'
SPACEAGE,'SPACEAGE'
RAFL,'RAFL'
COSYN,'COSYN'
SOFCOM,'SOFCOM'
NAPL,'NAPL'
KARNAVATI,'KARNAVATI'
ABHIFIN,'ABHIFIN'
MERCANTILE,'MERCANTILE'
SONAL,'SONAL'
ALFL,'ALFL'
GENUSPAPER,'GENUSPAPER'
MINDACORP,'MINDACORP'
PACT,'PACT'
MERCURYLAB,'MERCURYLAB'
CONCORD,'CONCORD'
MANVIJAY,'MANVIJAY'
SHREESEC,'SHREESEC'
GRNLAMIND,'GRNLAMIND'
TALBROSENG,'TALBROSENG'
SAPL,'SAPL'
PUROHITCON,'PUROHITCON'
JAYATMA,'JAYATMA'
PTCIL,'PTCIL'
GBLIL,'GBLIL'
CHENFERRO,'CHENFERRO'
MEGRISOFT,'MEGRISOFT'
GITARENEW,'GITARENEW'
KALPACOMME,'KALPACOMME'
ORTEL,'ORTEL'
NEIL,'NEIL'
ASHFL,'ASHFL'
BEEKAY,'BEEKAY'
SSPNFIN,'SSPNFIN'
SETFBSE100,'SETFBSE100'
FRASER,'FRASER'
TTIL,'TTIL'
SVPHOUSING,'SVPHOUSING'
AGIIL,'AGIIL'
BKMINDST,'BKMINDST'
MANAKSTELTD,'MANAKSTELTD'
MNKALCOLTD,'MNKALCOLTD'
MNKCMILTD,'MNKCMILTD'
ADLABS,'ADLABS'
RCBFIICD,'RCBFIICD'
INOXWIND,'INOXWIND'
CITL,'CITL'
AANANDALAK,'AANANDALAK'
YOGYA,'YOGYA'
FILTRA,'FILTRA'
ATHCON,'ATHCON'
NORTHLINK,'NORTHLINK'
SHESHAINDS,'SHESHAINDS'
SAB,'SAB'
PML,'PML'
HINDSECR,'HINDSECR'
ALAN SCOTT,'ALAN SCOTT'
OPCHAINS,'OPCHAINS'
SUJALA,'SUJALA'
VRLLOG,'VRLLOG'
JAINMARMO,'JAINMARMO'
BFFL,'BFFL'
PALCO,'PALCO'
BODHTREE,'BODHTREE'
VBIND,'VBIND'
SARVOTTAM,'SARVOTTAM'
MEP,'MEP'
CLLIMITED,'CLLIMITED'
VEGETABLE,'VEGETABLE'
UFO,'UFO'
NIFTYEES,'NIFTYEES'
PANTH,'PANTH'
SHIVALIK,'SHIVALIK'
ICSL,'ICSL'
PNCINFRA,'PNCINFRA'
ARFIN,'ARFIN'
VLL,'VLL'
FUNNY,'FUNNY'
HELPAGE,'HELPAGE'
INDRAIND,'INDRAIND'
HAWAENG,'HAWAENG'
AIIL,'AIIL'
ADHBHUTIN,'ADHBHUTIN'
POEL,'POEL'
AEL,'AEL'
DEVHARI,'DEVHARI'
CAPFIN,'CAPFIN'
MOONGIPASEC,'MOONGIPASEC'
SATIA,'SATIA'
GVBL,'GVBL'
MANPASAND,'MANPASAND'
JUNCTION,'JUNCTION'
SRESTHA,'SRESTHA'
SAUMYA,'SAUMYA'
MUL,'MUL'
MISHKA,'MISHKA'
SPORTKING,'SPORTKING'
VMV,'VMV'
AMBITION,'AMBITION'
HCKKVENTURE,'HCKKVENTURE'
JIYAECO,'JIYAECO'
RUDRA,'RUDRA'
LOYAL,'LOYAL'
GGPL,'GGPL'
MRSS,'MRSS'
CHEMIESYNT,'CHEMIESYNT'
GPL,'GPL'
JEL,'JEL'
BALKRISHNA,'BALKRISHNA'
SCFL,'SCFL'
SURYAINDIA,'SURYAINDIA'
ADANITRANS,'ADANITRANS'
STARDELTA,'STARDELTA'
AMRAFIN,'AMRAFIN'
CONCRETE,'CONCRETE'
DRHABEEB,'DRHABEEB'
SYNGENE,'SYNGENE'
PECOS,'PECOS'
MSL,'MSL'
KAYA,'KAYA'
ALSTONE,'ALSTONE'
SYMBIOX,'SYMBIOX'
IPRU8895,'IPRU8895'
IPRU2693,'IPRU2693'
ORTINLAABS,'ORTINLAABS'
AVI,'AVI'
MJCO,'MJCO'
BINDALAGRO,'BINDALAGRO'
OZONEWORLD,'OZONEWORLD'
AKSPINTEX,'AKSPINTEX'
ARVSMART,'ARVSMART'
POWERMECH,'POWERMECH'
MINDAFIN,'MINDAFIN'
CANOPYFIN,'CANOPYFIN'
RAMASTEEL,'RAMASTEEL'
TISL,'TISL'
NFIL,'NFIL'
UTISENSETF,'UTISENSETF'
UTINIFTETF,'UTINIFTETF'
UNIAUTO,'UNIAUTO'
VETO,'VETO'
NAVKARCORP,'NAVKARCORP'
PENPEBS,'PENPEBS'
SHREEPUSHK,'SHREEPUSHK'
CHPLIND,'CHPLIND'
GUJGAS,'GUJGAS'
HKT,'HKT'
SADBHIN,'SADBHIN'
PRABHAT,'PRABHAT'
PBFL,'PBFL'
SWARAJAUTO,'SWARAJAUTO'
POLYSPIN,'POLYSPIN'
PRITIKAUTO,'PRITIKAUTO'
SKC,'SKC'
SML,'SML'
MINFY,'MINFY'
KRISHNACAP,'KRISHNACAP'
ACME,'ACME'
SANGFROID,'SANGFROID'
KCL,'KCL'
IPRU8923,'IPRU8923'
IPRU8924,'IPRU8924'
IPRU2721,'IPRU2721'
IPRU2722,'IPRU2722'
VISHALBL,'VISHALBL'
BELLACASA,'BELLACASA'
MALLCOM,'MALLCOM'
PJL,'PJL'
VAL,'VAL'
ARAMBHAN,'ARAMBHAN'
SATIN,'SATIN'
DITCO,'DITCO'
SWAGTAM,'SWAGTAM'
GENCON,'GENCON'
KUBERJI,'KUBERJI'
NEERAJ,'NEERAJ'
WELCON,'WELCON'
TEJNAKSH,'TEJNAKSH'
INDOGLOBAL,'INDOGLOBAL'
BRIPORT,'BRIPORT'
RFSL,'RFSL'
COFFEEDAY,'COFFEEDAY'
IDFCFIRSTB,'IDFCFIRSTB'
BEARDSELL,'BEARDSELL'
INDIGO,'INDIGO'
SHK,'SHK'
DASL,'DASL'
IPRU8937,'IPRU8937'
IPRU8938,'IPRU8938'
IPRU2735,'IPRU2735'
IPRU2736,'IPRU2736'
TFSL,'TFSL'
APUNKA,'APUNKA'
SHREEGANES,'SHREEGANES'
GTV,'GTV'
LICNETFN50,'LICNETFN50'
PARIKSHA,'PARIKSHA'
GEETANJ,'GEETANJ'
LICNETFSEN,'LICNETFSEN'
TFLL,'TFLL'
GARBIFIN,'GARBIFIN'
ADHARSHILA,'ADHARSHILA'
SMARTFIN,'SMARTFIN'
RAJKOTINV,'RAJKOTINV'
ADCON,'ADCON'
GMLM,'GMLM'
HDFCNIFETF,'HDFCNIFETF'
SXETF,'SXETF'
UDAYJEW,'UDAYJEW'
MAYUKH,'MAYUKH'
SHAILJA,'SHAILJA'
NAVIGANT,'NAVIGANT'
GROVY,'GROVY'
ALKEM,'ALKEM'
LALPATHLAB,'LALPATHLAB'
NAVKETAN,'NAVKETAN'
SCTL,'SCTL'
CREATIVE,'CREATIVE'
AAYUSH,'AAYUSH'
KASHIRAM,'KASHIRAM'
LUXIND,'LUXIND'
VALLEY,'VALLEY'
ABHIINFRA,'ABHIINFRA'
APOORVA,'APOORVA'
BNL,'BNL'
NH,'NH'
FMEC,'FMEC'
DDIL,'DDIL'
ABHIJIT,'ABHIJIT'
ROXY,'ROXY'
KAYEL,'KAYEL'
OFSTECH,'OFSTECH'
SCL,'SCL'
SIPTL,'SIPTL'
SHIVA,'SHIVA'
MISHTANN,'MISHTANN'
NATECO,'NATECO'
DELTA,'DELTA'
JSLHISAR,'JSLHISAR'
ORACLECR,'ORACLECR'
KEL,'KEL'
CHAMAK,'CHAMAK'
BLUECLOUDS,'BLUECLOUDS'
AINFRA,'AINFRA'
BCLENTERPR,'BCLENTERPR'
IPRU8957,'IPRU8957'
IPRU8958,'IPRU8958'
IPRU2755,'IPRU2755'
IPRU2756,'IPRU2756'
AARCOM,'AARCOM'
PRECAM,'PRECAM'
BVL,'BVL'
TEAMLEASE,'TEAMLEASE'
VIDLI,'VIDLI'
SAHYOGMULT,'SAHYOGMULT'
ACEMEN,'ACEMEN'
BFLAFL,'BFLAFL'
RGF,'RGF'
RCL,'RCL'
QUICKHEAL,'QUICKHEAL'
KAPILRAJ,'KAPILRAJ'
GANGAPHARM,'GANGAPHARM'
DAL,'DAL'
SESL,'SESL'
SHIVKAMAL,'SHIVKAMAL'
KPEL,'KPEL'
RGCEL,'RGCEL'
IFINSER,'IFINSER'
AIRL,'AIRL'
IPRU2766,'IPRU2766'
IPRU2767,'IPRU2767'
IPRU8968,'IPRU8968'
IPRU8969,'IPRU8969'
HYPERSOFT,'HYPERSOFT'
GOKULAGRO,'GOKULAGRO'
FREDUN,'FREDUN'
SIMBHALS,'SIMBHALS'
RELICAB,'RELICAB'
VKAL,'VKAL'
MODCL,'MODCL'
MNIL,'MNIL'
DARJEELING,'DARJEELING'
ADVIKCA,'ADVIKCA'
LICNFNHGP,'LICNFNHGP'
PDMJEPAPER,'PDMJEPAPER'
HCG,'HCG'
KDML,'KDML'
UMIYA,'UMIYA'
BHARATWIRE,'BHARATWIRE'
CHDCHEM,'CHDCHEM'
INFIBEAM,'INFIBEAM'
RADHEY,'RADHEY'
MUDRA,'MUDRA'
SICLTD,'SICLTD'
BALGOPAL,'BALGOPAL'
SUPERIOR,'SUPERIOR'
RPEL,'RPEL'
FRANKLIN,'FRANKLIN'
LANCER,'LANCER'
SYSCO,'SYSCO'
NINSYS,'NINSYS'
EQUITAS,'EQUITAS'
HALDER,'HALDER'
SKIL,'SKIL'
THYROCARE,'THYROCARE'
BAJAJHCARE,'BAJAJHCARE'
UJJIVAN,'UJJIVAN'
RSDFIN,'RSDFIN'
CROMPTON,'CROMPTON'
PILANIINVS,'PILANIINVS'
DARSHANORNA,'DARSHANORNA'
IPRU2812,'IPRU2812'
IPRU2813,'IPRU2813'
IPRU9014,'IPRU9014'
IPRU9015,'IPRU9015'
PARAGMILK,'PARAGMILK'
MADHAVIPL,'MADHAVIPL'
SAGL,'SAGL'
DIDL,'DIDL'
LATENT,'LATENT'
KOCL,'KOCL'
SNIM,'SNIM'
NAGARFERT,'NAGARFERT'
SEIL,'SEIL'
LIKHAMI,'LIKHAMI'
MIL,'MIL'
YASHCHEM,'YASHCHEM'
MAXVIL,'MAXVIL'
ICICINV20,'ICICINV20'
BAZELINTER,'BAZELINTER'
JLL,'JLL'
IPRU2821,'IPRU2821'
IPRU9023,'IPRU9023'
TAALENT,'TAALENT'
MGL,'MGL'
QFSL,'QFSL'
ZEAL,'ZEAL'
QUESS,'QUESS'
DIGJAMLTD,'DIGJAMLTD'
ICICIMCAP,'ICICIMCAP'
MAXINDIA,'MAXINDIA'
ASYL,'ASYL'
HUIL,'HUIL'
TITAANIUM,'TITAANIUM'
COMSYN,'COMSYN'
LLOYDSTEEL,'LLOYDSTEEL'
KPL,'KPL'
LTI,'LTI'
BULL,'BULL'
BSLSENETFG,'BSLSENETFG'
COLORCHIPS,'COLORCHIPS'
ASHARI,'ASHARI'
ADVENZYMES,'ADVENZYMES'
LAHL,'LAHL'
PTIL,'PTIL'
DBL,'DBL'
SPAL,'SPAL'
BIGBLOC,'BIGBLOC'
GOLDENCREST,'GOLDENCREST'
ECS,'ECS'
FRETAIL,'FRETAIL'
RBLBANK,'RBLBANK'
SAIMOH,'SAIMOH'
CAMSONSEEDS,'CAMSONSEEDS'
SHIVAEXPO,'SHIVAEXPO'
BLS,'BLS'
MITSU,'MITSU'
SPRAYKING,'SPRAYKING'
NARAYANI,'NARAYANI'
GOVNOW,'GOVNOW'
RSTL,'RSTL'
TVVISION,'TVVISION'
SPICY,'SPICY'
VISCO,'VISCO'
BSLRIFS1RG,'BSLRIFS1RG'
BSLRIFS1RD,'BSLRIFS1RD'
BSLRIFS1RS,'BSLRIFS1RS'
BSLRIFS1DG,'BSLRIFS1DG'
BSLRIFS1DD,'BSLRIFS1DD'
BSLRIFS1DS,'BSLRIFS1DS'
TAHL,'TAHL'
LTTS,'LTTS'
GNA,'GNA'
RADHIKAJWE,'RADHIKAJWE'
SIIL,'SIIL'
ICICIPRULI,'ICICIPRULI'
IISL,'IISL'
ARCFIN,'ARCFIN'
HPL,'HPL'
SAGARSOFT,'SAGARSOFT'
DRA,'DRA'
VALIANTORG,'VALIANTORG'
ACML,'ACML'
SHASHIJIT,'SHASHIJIT'
BINDALEXPO,'BINDALEXPO'
MHEL,'MHEL'
DIKSAT,'DIKSAT'
IGRL,'IGRL'
ENDURANCE,'ENDURANCE'
IDFSENSEXE,'IDFSENSEXE'
PURPLE,'PURPLE'
SUPRAP,'SUPRAP'
PNBHOUSING,'PNBHOUSING'
SOUTHERNIN,'SOUTHERNIN'
REGENCY,'REGENCY'
IPRU2880,'IPRU2880'
IPRU9082,'IPRU9082'
IPRU9083,'IPRU9083'
IPRU2881,'IPRU2881'
VBL,'VBL'
SALEM,'SALEM'
FRANKLININD,'FRANKLININD'
LKPSEC,'LKPSEC'
BSLRIFS2RG,'BSLRIFS2RG'
BSLRIFS2RN,'BSLRIFS2RN'
BSLRIFS2DG,'BSLRIFS2DG'
BSLRIFS2DN,'BSLRIFS2DN'
OSIAJEE,'OSIAJEE'
CMBL,'CMBL'
SFL,'SFL'
AVL,'AVL'
TMRVL,'TMRVL'
SIFL,'SIFL'
TCIEXP,'TCIEXP'
SHASHANK,'SHASHANK'
LAURUSLABS,'LAURUSLABS'
NEWLIGHT,'NEWLIGHT'
AXISE1D1D,'AXISE1D1D'
AXISE1DGG,'AXISE1DGG'
AXISE1DPD,'AXISE1DPD'
AXISE1GPG,'AXISE1GPG'
VOL,'VOL'
SNTCL,'SNTCL'
MTPL,'MTPL'
IPRU2894,'IPRU2894'
IPRU2895,'IPRU2895'
IPRU9096,'IPRU9096'
IPRU9097,'IPRU9097'
SHANGAR,'SHANGAR'
GLCL,'GLCL'
FLORACORP,'FLORACORP'
DHANVARSHA,'DHANVARSHA'
SKL,'SKL'
RAIDEEPIND,'RAIDEEPIND'
IPRU2896,'IPRU2896'
IPRU2897,'IPRU2897'
IPRU9098,'IPRU9098'
IPRU9099,'IPRU9099'
PRICOLLTD,'PRICOLLTD'
CFL,'CFL'
JITFINFRA,'JITFINFRA'
SUERYAAKNI,'SUERYAAKNI'
TANVI,'TANVI'
AXISE2D1D,'AXISE2D1D'
AXISE2DGG,'AXISE2DGG'
AXISE2DPD,'AXISE2DPD'
AXISE2GPG,'AXISE2GPG'
RMC,'RMC'
PARMAX,'PARMAX'
LLFICL,'LLFICL'
DANUBE,'DANUBE'
RADIOCITY,'RADIOCITY'
DMART,'DMART'
IFL,'IFL'
BSLRIFS3RG,'BSLRIFS3RG'
BSLRIFS3RD,'BSLRIFS3RD'
BSLRIFS3DG,'BSLRIFS3DG'
BSLRIFS3DD,'BSLRIFS3DD'
KDLL,'KDLL'
ONTIC,'ONTIC'
SMLT,'SMLT'
JDML,'JDML'
CHEMCRUX,'CHEMCRUX'
MANOMAY,'MANOMAY'
MAXIMUS,'MAXIMUS'
MANAS,'MANAS'
CLEDUCATE,'CLEDUCATE'
PRIME,'PRIME'
OCEANIC,'OCEANIC'
OCTAWARE,'OCTAWARE'
CA50T,'CA50T'
CA10T,'CA10T'
CD50T,'CD50T'
CD10T,'CD10T'
CA50R,'CA50R'
CA10R,'CA10R'
CD50R,'CD50R'
CD10R,'CD10R'
SHANKARA,'SHANKARA'
RELSTRUCT,'RELSTRUCT'
ESCORP,'ESCORP'
PARMSILK,'PARMSILK'
KMSMEDI,'KMSMEDI'
IPRU2933,'IPRU2933'
IPRU9135,'IPRU9135'
CLFL,'CLFL'
PGL,'PGL'
SCHAND,'SCHAND'
KANUNGO,'KANUNGO'
MEERA,'MEERA'
HUDCO,'HUDCO'
IPRU2955,'IPRU2955'
IPRU9157,'IPRU9157'
PSPPROJECT,'PSPPROJECT'
BGJL,'BGJL'
YUG,'YUG'
AXISAEDGG,'AXISAEDGG'
AXISAEGPG,'AXISAEGPG'
STARCEMENT,'STARCEMENT'
IPRU2969,'IPRU2969'
IPRU2970,'IPRU2970'
IPRU9171,'IPRU9171'
IPRU9172,'IPRU9172'
RIDDHICORP,'RIDDHICORP'
HEOF1126DG,'HEOF1126DG'
HEOF1126DD,'HEOF1126DD'
HEOF1126RG,'HEOF1126RG'
HEOF1126RD,'HEOF1126RD'
TEJASNET,'TEJASNET'
ERIS,'ERIS'
CONTAINER,'CONTAINER'
GTPL,'GTPL'
AUBANK,'AUBANK'
ICICILOVOL,'ICICILOVOL'
GEL,'GEL'
GGENG,'GGENG'
7NR,'7NR'
ARTEMIS,'ARTEMIS'
BSLRIFS4RG,'BSLRIFS4RG'
BSLRIFS4RD,'BSLRIFS4RD'
BSLRIFS4DG,'BSLRIFS4DG'
BSLRIFS4DD,'BSLRIFS4DD'
BHAGYAPROP,'BHAGYAPROP'
IPRU2987,'IPRU2987'
IPRU2988,'IPRU2988'
IPRU9189,'IPRU9189'
IPRU9190,'IPRU9190'
HEOF1100DG,'HEOF1100DG'
HEOF1100DD,'HEOF1100DD'
HEOF1100RG,'HEOF1100RG'
HEOF1100RD,'HEOF1100RD'
SALASAR,'SALASAR'
GANGESSEC,'GANGESSEC'
PALASHSEC,'PALASHSEC'
AVADHSUGAR,'AVADHSUGAR'
MAGADHSUGAR,'MAGADHSUGAR'
JIGAR,'JIGAR'
CTCL,'CTCL'
SINTEXPLAST,'SINTEXPLAST'
GSTL,'GSTL'
UTINEXT50,'UTINEXT50'
AXISAHDGG,'AXISAHDGG'
AXISAHGPG,'AXISAHGPG'
SIS,'SIS'
COCHINSHIP,'COCHINSHIP'
SMSLIFE,'SMSLIFE'
KIOCL,'KIOCL'
CHOTHANI,'CHOTHANI'
IPRU2991,'IPRU2991'
IPRU2992,'IPRU2992'
IPRU9193,'IPRU9193'
IPRU9194,'IPRU9194'
SMRUTHIORG,'SMRUTHIORG'
ABCAPITAL,'ABCAPITAL'
APEX,'APEX'
SHISHIND,'SHISHIND'
ANG,'ANG'
DWL,'DWL'
RUCHINDLTD,'RUCHINDLTD'
AMFL,'AMFL'
NEL,'NEL'
DIXON,'DIXON'
BRNL,'BRNL'
DCAL,'DCAL'
LASA,'LASA'
PROVESTSER,'PROVESTSER'
MATRIMONY,'MATRIMONY'
RELHOME,'RELHOME'
CAPACITE,'CAPACITE'
IPRU3003,'IPRU3003'
IPRU3004,'IPRU3004'
IPRU9205,'IPRU9205'
IPRU9206,'IPRU9206'
SAGAR,'SAGAR'
ICICIGI,'ICICIGI'
PQIF,'PQIF'
AKM,'AKM'
SBILIFE,'SBILIFE'
DIAMONDYD,'DIAMONDYD'
SISL,'SISL'
TTFL,'TTFL'
POOJA,'POOJA'
SAYAJIIND,'SAYAJIIND'
VANTABIO,'VANTABIO'
MEHAI,'MEHAI'
IRIS,'IRIS'
SIDDH,'SIDDH'
SGRL,'SGRL'
STL,'STL'
ABSLRIF5RG,'ABSLRIF5RG'
ABSLRIF5RD,'ABSLRIF5RD'
ABSLRIF5DG,'ABSLRIF5DG'
ABSLRIF5DD,'ABSLRIF5DD'
GODREJAGRO,'GODREJAGRO'
MESCON,'MESCON'
MASFIN,'MASFIN'
IEX,'IEX'
GICRE,'GICRE'
KAARYAFSL,'KAARYAFSL'
SCPL,'SCPL'
RCBFIVADD,'RCBFIVADD'
RCBFIVADG,'RCBFIVADG'
RCBFIVAD,'RCBFIVAD'
RCBFIVAG,'RCBFIVAG'
TIINDIA,'TIINDIA'
IPRU3013,'IPRU3013'
IPRU3014,'IPRU3014'
IPRU9215,'IPRU9215'
IPRU9216,'IPRU9216'
RNAM,'RNAM'
MAHLOG,'MAHLOG'
NIACL,'NIACL'
IFGLEXPOR,'IFGLEXPOR'
KHADIM,'KHADIM'
5PAISA,'5PAISA'
HDFCLIFE,'HDFCLIFE'
RCBFIVBDD,'RCBFIVBDD'
RCBFIVBDG,'RCBFIVBDG'
RCBFIVBD,'RCBFIVBD'
RCBFIVBG,'RCBFIVBG'
SBRANDS,'SBRANDS'
VRLLOGBBPH,'VRLLOGBBPH'
SHARIKA,'SHARIKA'
ICICIB22,'ICICIB22'
ASPIRA,'ASPIRA'
DNAMEDIA,'DNAMEDIA'
HHOF1140DG,'HHOF1140DG'
HHOF1140DD,'HHOF1140DD'
HHOF1140RG,'HHOF1140RG'
HHOF1140RD,'HHOF1140RD'
DYNAMIC,'DYNAMIC'
RATNABHUMI,'RATNABHUMI'
SHALBY,'SHALBY'
FSC,'FSC'
DACEFRG,'DACEFRG'
DACEFRDP,'DACEFRDP'
DACEFDG,'DACEFDG'
DACEFDDP,'DACEFDDP'
MRCEXIM,'MRCEXIM'
DML,'DML'
KMSL,'KMSL'
SADHNA,'SADHNA'
SANTOSHIND,'SANTOSHIND'
VITESSE,'VITESSE'
ASTRON,'ASTRON'
RCBFIVBCD,'RCBFIVBCD'
RCBFIVCG,'RCBFIVCG'
RCBFIVBCG,'RCBFIVBCG'
RCBFIVCD,'RCBFIVCD'
CHANDRIMA,'CHANDRIMA'
RITHWIKFMS,'RITHWIKFMS'
JFL,'JFL'
IPRU3018,'IPRU3018'
IPRU3019,'IPRU3019'
IPRU9220,'IPRU9220'
IPRU9221,'IPRU9221'
7SEASL,'7SEASL'
APOLLO,'APOLLO'
RCBFIVDDD,'RCBFIVDDD'
RCBFIVDG,'RCBFIVDG'
RCBFIVDDG,'RCBFIVDDG'
RCBFIVDD,'RCBFIVDD'
NEWGEN,'NEWGEN'
PRAXIS,'PRAXIS'
AMBER,'AMBER'
CRPRISK,'CRPRISK'
TIRUFOAM,'TIRUFOAM'
SRUSTEELS,'SRUSTEELS'
AML,'AML'
GALAXYSURF,'GALAXYSURF'
GGL,'GGL'
MEDICO,'MEDICO'
GUJHYSPIN,'GUJHYSPIN'
FSSPL,'FSSPL'
IPRU3034,'IPRU3034'
IPRU3035,'IPRU3035'
IPRU9236,'IPRU9236'
IPRU9237,'IPRU9237'
LAL,'LAL'
KENVI,'KENVI'
IWP,'IWP'
TDSL,'TDSL'
BHATIA,'BHATIA'
SHIVAMILLS,'SHIVAMILLS'
ASTERDM,'ASTERDM'
YSL,'YSL'
KTKIND4RG,'KTKIND4RG'
KTKIND4RD,'KTKIND4RD'
KTKIND4DD,'KTKIND4DD'
KTKIND4DG,'KTKIND4DG'
KANCOTEA,'KANCOTEA'
ANGEL,'ANGEL'
HGINFRA,'HGINFRA'
EIS,'EIS'
AXISCBD1D,'AXISCBD1D'
AXISCBDGG,'AXISCBDGG'
AXISCBDPD,'AXISCBDPD'
AXISCBGPG,'AXISCBGPG'
INFLAME,'INFLAME'
DACE2RG,'DACE2RG'
DACE2RDP,'DACE2RDP'
DACE2DG,'DACE2DG'
DACE2DDP,'DACE2DDP'
ABSLRIF6RG,'ABSLRIF6RG'
ABSLRIF6RD,'ABSLRIF6RD'
ABSLRIF6DG,'ABSLRIF6DG'
ABSLRIF6DD,'ABSLRIF6DD'
BPLPHARMA,'BPLPHARMA'
SHREESHAY,'SHREESHAY'
ACFL,'ACFL'
BDL,'BDL'
ACTIVE,'ACTIVE'
RIDINGS,'RIDINGS'
ADVITIYA,'ADVITIYA'
BANDHANBNK,'BANDHANBNK'
HAL,'HAL'
KARDA,'KARDA'
SANDHAR,'SANDHAR'
YASHO,'YASHO'
BENARA,'BENARA'
ISEC,'ISEC'
MIDHANI,'MIDHANI'
LEX,'LEX'
OBCL,'OBCL'
TRL,'TRL'
LEMONTREE,'LEMONTREE'
ABSLRIF7RG,'ABSLRIF7RG'
ABSLRIF7RD,'ABSLRIF7RD'
ABSLRIF7DG,'ABSLRIF7DG'
ABSLRIF7DD,'ABSLRIF7DD'
CHEMFABALKA,'CHEMFABALKA'
GARVIND,'GARVIND'
DLCL,'DLCL'
ORIENTELEC,'ORIENTELEC'
DHRUV,'DHRUV'
AKSHAR,'AKSHAR'
INDOUS,'INDOUS'
IPRU3095,'IPRU3095'
IPRU3096,'IPRU3096'
IPRU9297,'IPRU9297'
IPRU9298,'IPRU9298'
ICICI500,'ICICI500'
INDOSTAR,'INDOSTAR'
MILEFUR,'MILEFUR'
UHZAVERI,'UHZAVERI'
KTKIND5RG,'KTKIND5RG'
KTKIND5RD,'KTKIND5RD'
KTKIND5DG,'KTKIND5DG'
KTKIND5DD,'KTKIND5DD'
PARVATI,'PARVATI'
MEGASTAR,'MEGASTAR'
INNOVATORS,'INNOVATORS'
SHWL,'SHWL'
ZIMLAB,'ZIMLAB'
ARIHANTINS,'ARIHANTINS'
AFFORDABLE,'AFFORDABLE'
DOLLAR,'DOLLAR'
NGIL,'NGIL'
PALMJEWELS,'PALMJEWELS'
WAA,'WAA'
ADANIGREEN,'ADANIGREEN'
MCLEODBBPH,'MCLEODBBPH'
UNICK,'UNICK'
SOLARA,'SOLARA'
TALWGYM,'TALWGYM'
GAYAHWS,'GAYAHWS'
RITES,'RITES'
FINEORG,'FINEORG'
VARROC,'VARROC'
RAJNISH,'RAJNISH'
HITECHWIND,'HITECHWIND'
STRAEXPO,'STRAEXPO'
RAWEDGE,'RAWEDGE'
IPRU3143,'IPRU3143'
IPRU3144,'IPRU3144'
IPRU9345,'IPRU9345'
IPRU9346,'IPRU9346'
TVF1D,'TVF1D'
TVF1DZ,'TVF1DZ'
TVF1G,'TVF1G'
TVF1GZ,'TVF1GZ'
TCNSBRANDS,'TCNSBRANDS'
SUPERSHAKT,'SUPERSHAKT'
ASHNI,'ASHNI'
GFIL,'GFIL'
IDFCEOS6RG,'IDFCEOS6RG'
IDFCEOS6RD,'IDFCEOS6RD'
IDFCEOS6DG,'IDFCEOS6DG'
IDFCEOS6DD,'IDFCEOS6DD'
HDFCAMC,'HDFCAMC'
VIVANTA,'VIVANTA'
TINNATFL,'TINNATFL'
TVF2D,'TVF2D'
TVF2DZ,'TVF2DZ'
TVF2G,'TVF2G'
TVF2GZ,'TVF2GZ'
CREDITACC,'CREDITACC'
AMINTAN,'AMINTAN'
DEEP,'DEEP'
SMEL,'SMEL'
IPRU3168,'IPRU3168'
IPRU3169,'IPRU3169'
IPRU9370,'IPRU9370'
IPRU9371,'IPRU9371'
ICICINXT50,'ICICINXT50'
ASPL,'ASPL'
KTKIND7RG,'KTKIND7RG'
KTKIND7RD,'KTKIND7RD'
KTKIND7DG,'KTKIND7DG'
KTKIND7DD,'KTKIND7DD'
SPACEINCUBA,'SPACEINCUBA'
SGIL,'SGIL'
RANJEET,'RANJEET'
IRCON,'IRCON'
SKYGOLD,'SKYGOLD'
SETFSN50,'SETFSN50'
MACH,'MACH'
MANORAMA,'MANORAMA'
INNOVATIVE,'INNOVATIVE'
RIOSAG,'RIOSAG'
RIOSAD,'RIOSAD'
RIOSADG,'RIOSADG'
RIOSADD,'RIOSADD'
AAVAS,'AAVAS'
GENERAAGRI,'GENERAAGRI'
DCL,'DCL'
GRSE,'GRSE'
AAL,'AAL'
DOLFIN,'DOLFIN'
TDPOWBBPH,'TDPOWBBPH'
SHUBHAM,'SHUBHAM'
AKI,'AKI'
SUNRETAIL,'SUNRETAIL'
SMGOLD,'SMGOLD'
VIEL,'VIEL'
BCPL,'BCPL'
ADANIGAS,'ADANIGAS'
NETRIPPLES,'NETRIPPLES'
PHOSPHATE,'PHOSPHATE'
MAN50ETF,'MAN50ETF'
TECHNOE,'TECHNOE'
RONI,'RONI'
SKIFL,'SKIFL'
DGL,'DGL'
IPRU3218,'IPRU3218'
IPRU3219,'IPRU3219'
IPRU9420,'IPRU9420'
IPRU9421,'IPRU9421'
ORIENTBBPH,'ORIENTBBPH'
ARYAN,'ARYAN'
BTSYN,'BTSYN'
ABSLNN50ET,'ABSLNN50ET'
NILASPACES,'NILASPACES'
SRD,'SRD'
TREJHARA,'TREJHARA'
AXISCCDID,'AXISCCDID'
AXISCCDGG,'AXISCCDGG'
AXISCCDPD,'AXISCCDPD'
AXISCCGPG,'AXISCCGPG'
DECCAN,'DECCAN'
SETLBBPH,'SETLBBPH'
AXITA,'AXITA'
ICICISENSX,'ICICISENSX'
TATAMTRDVR,'TATAMTRDVR'
FELDVR,'FELDVR'
JISLDVREQS,'JISLDVREQS'
SCAPDVR,'SCAPDVR'
STAN,'STAN'
KARURVYSYA,'KARURVYSYA'
TIDEWATER,'TIDEWATER'
AMRUTANJAN,'AMRUTANJAN'
XPROINDIA,'XPROINDIA'
HISARMET,'HISARMET'
BHARATRAS,'BHARATRAS'
EASTSILK,'EASTSILK'
FACT,'FACT'
GINNIFILA,'GINNIFILA'
SPIC,'SPIC'
DENORA,'DENORA'
KAVVERITEL,'KAVVERITEL'
HARITASEAT,'HARITASEAT'
SAKSOFT,'SAKSOFT'
SALONACOT,'SALONACOT'
PROSEED,'PROSEED'
ANDHRSUGAR,'ANDHRSUGAR'
IMPAL,'IMPAL'
KCP,'KCP'
KHAITANLTD,'KHAITANLTD'
RADAAN,'RADAAN'
SUNDARMFIN,'SUNDARMFIN'
SUNDRMBRAK,'SUNDRMBRAK'
WHEELS,'WHEELS'
LAMBODHARA,'LAMBODHARA'
MAITHANALL,'MAITHANALL'
LOHIASEC,'LOHIASEC'
ORISSAMINE,'ORISSAMINE'
NIFTYBEES,'NIFTYBEES'
JUNIORBEES,'JUNIORBEES'
BANKBEES,'BANKBEES'
KOTAKPSUBK,'KOTAKPSUBK'
PSUBNKBEES,'PSUBNKBEES'
SHARIABEES,'SHARIABEES'
QNIFTY,'QNIFTY'
M50,'M50'
GRADIENTE,'GRADIENTE'
SHREETULSI,'SHREETULSI'
MADRASFERT,'MADRASFERT'
JDL,'JDL'
GSL,'GSL'
KKIL,'KKIL'
AUTUMN,'AUTUMN'
DEKSON,'DEKSON'
PCPL,'PCPL'
SUPERNOVA,'SUPERNOVA'
MCL,'MCL'
GOKULSOL,'GOKULSOL'
CITYON,'CITYON'
HASJUICE,'HASJUICE'
SANASATECH,'SANASATECH'
WEBSL,'WEBSL'
PSAL,'PSAL'
ADHIRAJ,'ADHIRAJ'
JIGYASA,'JIGYASA'
LEGACY,'LEGACY'
